method,model,language,project,func_name,id,side
asap,70B,java,oblac/jodd,EmailUtil.isEmptyFlags,400,0.9695091247558594
asap,70B,java,oblac/jodd,Sockets.connect,401,0.9886234402656555
asap,70B,java,oblac/jodd,Sockets.connect,402,0.9558131694793701
asap,70B,java,oblac/jodd,BaseLoggableStatement.getQueryString,403,0.959916353225708
asap,70B,java,oblac/jodd,ClassReader.readBootstrapMethodsAttribute,404,-0.7256397604942322
asap,70B,java,oblac/jodd,Frame.copyFrom,405,0.9726151823997498
asap,70B,java,oblac/jodd,Type.getMethodDescriptor,406,0.8708521127700806
asap,70B,java,oblac/jodd,Type.appendDescriptor,407,0.970447301864624
asap,70B,java,oblac/jodd,Type.getArgumentsAndReturnSizes,408,0.9031643867492676
asap,70B,java,oblac/jodd,BeanProperty.updateBean,409,0.9539992809295654
asap,70B,java,oblac/jodd,StringUtil.detectQuoteChar,410,0.931542158126831
asap,70B,java,oblac/jodd,DbEntitySql.findAll,411,0.8369369506835938
asap,70B,java,oblac/jodd,Cli.printUsage,412,0.9528704881668091
asap,70B,java,oblac/jodd,ReceiverBuilder.get,413,0.7660162448883057
asap,70B,java,oblac/jodd,ProxettaAsmUtil.resolveJavaVersion,414,0.9070003032684326
asap,70B,java,oblac/jodd,ClassVisitor.visitNestHost,415,-0.33596402406692505
asap,70B,java,oblac/jodd,ClassVisitor.visitNestMember,416,0.8976031541824341
asap,70B,java,oblac/jodd,ClassWriter.replaceAsmInstructions,417,0.8744479417800903
asap,70B,java,oblac/jodd,SymbolTable.addConstantDynamic,418,0.918138325214386
asap,70B,java,oblac/jodd,Format.formatParagraph,419,0.9116019606590271
asap,70B,java,oblac/jodd,Format.convertTabsToSpaces,420,0.9784185886383057
asap,70B,java,oblac/jodd,Format.escapeJava,421,0.25756320357322693
asap,70B,java,oblac/jodd,Format.unescapeJava,422,0.36363816261291504
asap,70B,java,oblac/jodd,Format.toCamelCase,423,0.9304774403572083
asap,70B,java,oblac/jodd,Format.toPrettyString,424,0.9515997171401978
asap,70B,java,oblac/jodd,JavaInfo.buildJrePackages,425,0.9823537468910217
asap,70B,java,oblac/jodd,SystemUtil.get,426,0.8378373384475708
asap,70B,java,oblac/jodd,SystemUtil.getBoolean,427,0.7844944000244141
asap,70B,java,oblac/jodd,SystemUtil.getInt,428,0.8891644477844238
asap,70B,java,oblac/jodd,SystemUtil.getLong,429,0.8610862493515015
asap,70B,java,oblac/jodd,Format.alignLeftAndPad,430,0.9525399804115295
asap,70B,java,oblac/jodd,Node.findChildNodeWithName,431,0.9962497353553772
asap,70B,java,oblac/jodd,Node.filterChildNodes,432,0.9012851119041443
asap,70B,java,oblac/jodd,AuthAction.tokenAsJson,433,0.808575451374054
asap,70B,java,oblac/jodd,UserSession.stop,434,0.9605798721313477
asap,70B,java,oblac/jodd,UserSession.start,435,0.9349446296691895
asap,70B,java,oblac/jodd,AuthInterceptor.authenticateUserViaHttpSession,436,0.9808984994888306
asap,70B,java,oblac/jodd,AuthInterceptor.authenticateUserViaToken,437,0.9765965342521667
asap,70B,java,oblac/jodd,AuthInterceptor.authenticateUserViaBasicAuth,438,0.985315203666687
asap,70B,java,oblac/jodd,ServletUtil.resolveAuthBearerToken,439,0.9583264589309692
asap,70B,java,oblac/jodd,WebApp.withActionConfig,440,0.9818755984306335
asap,70B,java,oblac/jodd,WebApp.configureDefaults,441,0.8961379528045654
asap,70B,java,oblac/jodd,ActionConfigManager.bindAnnotationConfig,442,0.9115539193153381
asap,70B,java,oblac/jodd,ActionConfigManager.registerNewActionConfiguration,443,0.907310426235199
asap,70B,java,oblac/jodd,ActionConfigManager.lookup,444,0.9398589730262756
asap,70B,java,oblac/jodd,ActionConfigManager.with,445,0.9579585790634155
asap,70B,java,oblac/jodd,JsonResult.of,446,0.9529978632926941
asap,70B,java,oblac/jodd,TypeCache.createDefault,447,0.9447222352027893
asap,70B,java,oblac/jodd,DbOomQuery.preprocessSql,448,0.8584579229354858
asap,70B,java,oblac/jodd,DbOomQuery.populateGeneratedKeys,449,0.9377105236053467
asap,70B,java,oblac/jodd,DbOom.connect,450,0.9679179191589355
asap,70B,java,oblac/jodd,TypeData.resolveRealName,451,0.9589137434959412
asap,70B,java,oblac/jodd,TypeData.resolveJsonName,452,0.9741113185882568
asap,70B,java,oblac/jodd,MailSession.setupSystemMailProperties,453,0.8671971559524536
asap,70B,java,oblac/jodd,BeanData.invokeInitMethods,454,0.9810445308685303
asap,70B,java,oblac/jodd,BeanData.callDestroyMethods,455,0.9605103731155396
asap,70B,java,oblac/jodd,BeanData.newBeanInstance,456,0.9398483037948608
asap,70B,java,oblac/jodd,BeanData.injectParams,457,0.9596000909805298
asap,70B,java,oblac/jodd,JoyMadvoc.printRoutes,458,0.8236461877822876
asap,70B,java,oblac/jodd,MethodWriter.endCurrentBasicBlockWithNoSuccessor,459,0.9554483890533447
asap,70B,java,oblac/jodd,MethodWriter.computeMethodInfoSize,460,0.9253445863723755
asap,70B,java,oblac/jodd,MethodWriter.collectAttributePrototypes,461,-0.26908785104751587
asap,70B,java,oblac/jodd,ByteVector.enlarge,462,0.962975263595581
asap,70B,java,oblac/jodd,ClassReader.readStream,463,0.7932956218719482
asap,70B,java,oblac/jodd,ClassReader.readLabel,464,-0.2839009761810303
asap,70B,java,oblac/jodd,ClassReader.readTypeAnnotations,465,-0.6938672065734863
asap,70B,java,oblac/jodd,ClassReader.getTypeAnnotationBytecodeOffset,466,0.9313889741897583
asap,70B,java,oblac/jodd,ClassReader.readParameterAnnotations,467,0.8375434279441833
asap,70B,java,oblac/jodd,ClassReader.readElementValues,468,0.6892727613449097
asap,70B,java,oblac/jodd,ClassReader.readVerificationTypeInfo,469,0.935228705406189
asap,70B,java,oblac/jodd,CurrentFrame.execute,470,0.7210237383842468
asap,70B,java,oblac/jodd,ClassWriter.toByteArray,471,-0.16516023874282837
asap,70B,java,oblac/jodd,ClassWriter.getAttributePrototypes,472,0.6275392770767212
asap,70B,java,oblac/jodd,Frame.getAbstractTypeFromApiFormat,473,0.9083414077758789
asap,70B,java,oblac/jodd,Frame.setInputFrameFromApiFormat,474,0.7035768032073975
asap,70B,java,oblac/jodd,Handler.removeRange,475,0.8311769962310791
asap,70B,java,oblac/jodd,Handler.getExceptionTableLength,476,0.9406251907348633
asap,70B,java,oblac/jodd,MethodVisitor.visitParameter,477,0.9497032761573792
asap,70B,java,oblac/jodd,MethodVisitor.visitAnnotation,478,0.9784556031227112
asap,70B,java,oblac/jodd,MethodVisitor.visitTypeAnnotation,479,0.9861592650413513
asap,70B,java,oblac/jodd,MethodVisitor.visitParameterAnnotation,480,0.9624155759811401
asap,70B,java,oblac/jodd,MethodVisitor.visitTypeInsn,481,0.9691688418388367
asap,70B,java,oblac/jodd,MethodVisitor.visitFieldInsn,482,0.9544905424118042
asap,70B,java,oblac/jodd,MethodVisitor.visitMethodInsn,483,-0.5719602108001709
asap,70B,java,oblac/jodd,MethodVisitor.visitInvokeDynamicInsn,484,0.894127607345581
asap,70B,java,oblac/jodd,MethodVisitor.visitJumpInsn,485,0.9742163419723511
asap,70B,java,oblac/jodd,MethodVisitor.visitTableSwitchInsn,486,0.9534315466880798
asap,70B,java,oblac/jodd,MethodVisitor.visitLookupSwitchInsn,487,0.7030537724494934
asap,70B,java,oblac/jodd,MethodVisitor.visitMultiANewArrayInsn,488,0.9372921586036682
asap,70B,java,oblac/jodd,MethodVisitor.visitTryCatchBlock,489,0.8524829149246216
asap,70B,java,oblac/jodd,MethodVisitor.visitLocalVariable,490,0.9047336578369141
asap,70B,java,oblac/jodd,MethodVisitor.visitLocalVariableAnnotation,491,0.9697330594062805
asap,70B,java,oblac/jodd,MethodVisitor.visitLineNumber,492,0.7127075791358948
asap,70B,java,oblac/jodd,SymbolTable.copyBootstrapMethods,493,0.6692081689834595
asap,70B,java,oblac/jodd,SymbolTable.setMajorVersionAndClassName,494,0.8835995197296143
asap,70B,java,oblac/jodd,SymbolTable.putBootstrapMethods,495,0.6269897818565369
asap,70B,java,oblac/jodd,SymbolTable.addConstant,496,0.8547500371932983
asap,70B,java,oblac/jodd,SymbolTable.addConstantMethodref,497,0.8280996084213257
asap,70B,java,oblac/jodd,SymbolTable.addConstantMemberReference,498,0.028155433014035225
asap,70B,java,oblac/jodd,SymbolTable.addConstantMemberReference,499,0.9113330245018005
asap,70B,java,orientechnologies/orientdb,OBinarySerializerFactory.getObjectSerializer,500,0.8164559006690979
asap,70B,java,orientechnologies/orientdb,OBinarySerializerFactory.getObjectSerializer,501,0.8611204028129578
asap,70B,java,orientechnologies/orientdb,ODatabaseImport.processBrokenRids,502,0.5857329964637756
asap,70B,java,orientechnologies/orientdb,OCommandExecutorSQLCreateIndex.execute,503,0.881851851940155
asap,70B,java,orientechnologies/orientdb,OCommandExecutorSQLInsert.execute,504,0.7594218850135803
asap,70B,java,orientechnologies/orientdb,OClientConnectionManager.connect,505,0.9631232023239136
asap,70B,java,orientechnologies/orientdb,OClientConnectionManager.connect,506,0.982475757598877
asap,70B,java,orientechnologies/orientdb,OClientConnectionManager.getConnection,507,0.9641572833061218
asap,70B,java,orientechnologies/orientdb,OClientConnectionManager.kill,508,0.9491931200027466
asap,70B,java,orientechnologies/orientdb,OClientConnectionManager.interrupt,509,0.9871737957000732
asap,70B,java,orientechnologies/orientdb,OClientConnectionManager.disconnect,510,0.9840171337127686
asap,70B,java,orientechnologies/orientdb,OClientConnectionManager.pushDistribCfg2Clients,511,0.7948217988014221
asap,70B,java,orientechnologies/orientdb,FrequencySketch.reset,512,0.9415454864501953
asap,70B,java,orientechnologies/orientdb,FrequencySketch.indexOf,513,0.9198402762413025
asap,70B,java,orientechnologies/orientdb,FrequencySketch.spread,514,0.9717585444450378
asap,70B,java,orientechnologies/orientdb,StripedBuffer.advanceProbe,515,0.957425057888031
asap,70B,java,orientechnologies/orientdb,Orient.initShutdownQueue,516,0.8755459189414978
asap,70B,java,orientechnologies/orientdb,Orient.getEngine,517,0.9531127214431763
asap,70B,java,orientechnologies/orientdb,OClusterBasedStorageConfiguration.toStream,518,0.8321393728256226
asap,70B,java,orientechnologies/orientdb,OHttpResponse.compress,519,0.8925004005432129
asap,70B,java,orientechnologies/orientdb,OStorageRemote.command,520,0.9735521078109741
asap,70B,java,orientechnologies/orientdb,OStorageRemote.endRequest,521,0.9803274869918823
asap,70B,java,orientechnologies/orientdb,OStorageRemote.addHost,522,0.5166179537773132
asap,70B,java,orientechnologies/orientdb,OStorageRemote.beginRequest,523,0.9841451644897461
asap,70B,java,orientechnologies/orientdb,OStorageConfigurationImpl.load,524,0.9787658452987671
asap,70B,java,orientechnologies/orientdb,OStorageConfigurationImpl.toStream,525,0.8259474635124207
asap,70B,java,orientechnologies/orientdb,OSBTreeBucketSingleValue.getValue,526,0.8781650066375732
asap,70B,java,orientechnologies/orientdb,Bucket.getValues,527,0.9289950132369995
asap,70B,java,orientechnologies/orientdb,Bucket.getValues,528,0.9019593000411987
asap,70B,java,orientechnologies/orientdb,OIndexFullText.put,529,-0.2920345067977905
asap,70B,java,orientechnologies/orientdb,OIndexFullText.remove,530,0.8925947546958923
asap,70B,java,orientechnologies/orientdb,OIndexManagerShared.createIndex,531,0.8973872661590576
asap,70B,java,orientechnologies/orientdb,OIndexManagerShared.toStream,532,0.9416420459747314
asap,70B,java,orientechnologies/orientdb,ODatabaseDocumentAbstract.delete,533,0.9942246079444885
asap,70B,java,orientechnologies/orientdb,ODatabaseDocumentAbstract.callbackHooks,534,0.7027134895324707
asap,70B,java,orientechnologies/orientdb,ODatabaseDocumentAbstract.delete,535,0.944898247718811
asap,70B,java,orientechnologies/orientdb,ODatabaseDocumentAbstract.executeHideRecord,536,0.8276304006576538
asap,70B,java,orientechnologies/orientdb,ODatabaseDocumentAbstract.countView,537,0.8999565839767456
asap,70B,java,orientechnologies/orientdb,ODatabaseDocumentAbstract.countClass,538,0.9305590987205505
asap,70B,java,orientechnologies/orientdb,ODatabaseDocumentAbstract.activateOnCurrentThread,539,0.8587957620620728
asap,70B,java,orientechnologies/orientdb,OSecurityShared.authenticate,540,0.9753434062004089
asap,70B,java,orientechnologies/orientdb,OSecurityShared.createMetadata,541,0.9581311345100403
asap,70B,java,orientechnologies/orientdb,OFileClassic.create,542,0.6981780529022217
asap,70B,java,orientechnologies/orientdb,OFileClassic.checkRegions,543,0.9416191577911377
asap,70B,java,orientechnologies/orientdb,OFileClassic.replaceContentWith,544,0.9444676637649536
asap,70B,java,orientechnologies/orientdb,ONodeManager.initReceiveMessages,545,0.926984965801239
asap,70B,java,orientechnologies/orientdb,ONodeManager.initDiscoveryPing,546,0.9308680295944214
asap,70B,java,orientechnologies/orientdb,ONodeManager.initCheckDisconnect,547,0.79930180311203
asap,70B,java,orientechnologies/orientdb,ONodeManager.initCheckLeader,548,0.9799530506134033
asap,70B,java,orientechnologies/orientdb,ODistributedAbstractPlugin.executeOnLocalNode,549,0.8798932433128357
asap,70B,java,orientechnologies/orientdb,ODistributedAbstractPlugin.getNodesWithStatus,550,0.7451257109642029
asap,70B,java,orientechnologies/orientdb,ODistributedAbstractPlugin.installDatabaseFromNetwork,551,0.9746992588043213
asap,70B,java,orientechnologies/orientdb,OConflictResolverDatabaseRepairer.cancelRepairRecord,552,0.6149839162826538
asap,70B,java,orientechnologies/orientdb,OConflictResolverDatabaseRepairer.enqueueRepairCluster,553,0.9312752485275269
asap,70B,java,orientechnologies/orientdb,ODistributedDatabaseImpl.processRequest,554,0.6797846555709839
asap,70B,java,orientechnologies/orientdb,OAbstract2pcTask.getPartitionKey,555,0.8740255236625671
asap,70B,java,orientechnologies/orientdb,OSequenceCached.nextWithNewCurrentValue,556,0.7533559203147888
asap,70B,java,orientechnologies/orientdb,ScalableRWLock.addState,557,0.7264255881309509
asap,70B,java,orientechnologies/orientdb,OPrefixBTreeBucket.getValue,558,0.9038336277008057
asap,70B,java,orientechnologies/orientdb,OEmbeddedRidBag.swap,559,0.9889918565750122
asap,70B,java,orientechnologies/orientdb,ODatabaseDocumentRemote.executeReadRecord,560,0.7612340450286865
asap,70B,java,orientechnologies/orientdb,OJson.toObjectDetermineType,561,0.7674605846405029
asap,70B,java,orientechnologies/orientdb,JPAHandler.characters,562,0.3432738482952118
asap,70B,java,orientechnologies/orientdb,OScriptExecutionPlan.executeFull,563,0.874065637588501
asap,70B,java,orientechnologies/orientdb,OObjectProxyMethodHandler.detach,564,0.856512188911438
asap,70B,java,orientechnologies/orientdb,OObjectProxyMethodHandler.attach,565,0.7598616480827332
asap,70B,java,orientechnologies/orientdb,ONative.getOpenFilesLimit,566,0.9708215594291687
asap,70B,java,orientechnologies/orientdb,SpatialQueryBuilderOverlap.build,567,0.9360864162445068
asap,70B,java,orientechnologies/orientdb,OLuceneSpatialOperator.evaluateRecord,568,0.7075275182723999
asap,70B,java,orientechnologies/orientdb,OSelectExecutionPlanner.findPrefixes,569,0.9295709133148193
asap,70B,java,orientechnologies/orientdb,ORecordSerializerBinaryV1.getFieldSizeAndTypeFromCurrentPosition,570,0.8827981948852539
asap,70B,java,orientechnologies/orientdb,OSelectExecutionPlanner.requiresMultipleIndexLookups,571,0.959905743598938
asap,70B,java,orientechnologies/orientdb,ORecordSerializerBinaryV0.getPositionsFromEmbeddedCollection,572,0.9652619361877441
asap,70B,java,orientechnologies/orientdb,OAtomicOperation.checkChangesFilledUpTo,573,0.8949716687202454
asap,70B,java,orientechnologies/orientdb,OExecutionPlanCache.get,574,0.8966473340988159
asap,70B,java,orientechnologies/orientdb,ODatabaseDocumentEmbedded.executeDeleteRecord,575,0.8980348706245422
asap,70B,java,orientechnologies/orientdb,OPropertyEmbedded.setTypeInternal,576,0.9790796041488647
asap,70B,java,orientechnologies/orientdb,OHazelcastPlugin.initSystemDatabase,577,0.9389387965202332
asap,70B,java,orientechnologies/orientdb,OReadersWriterSpinLock.tryAcquireReadLock,578,0.8909100294113159
asap,70B,java,orientechnologies/orientdb,OAbstractPaginatedStorage.handleJVMError,579,0.93970787525177
asap,70B,java,orientechnologies/orientdb,OETLContext.printExceptionStackTrace,580,0.9697912335395813
asap,70B,java,orientechnologies/orientdb,OFileManager.buildJsonFromFile,581,0.9762898683547974
asap,70B,java,orientechnologies/orientdb,ODistributedResponseManagerImpl.collectResponse,582,0.8747069835662842
asap,70B,java,orientechnologies/orientdb,ODistributedResponseManagerImpl.waitForSynchronousResponses,583,0.80931556224823
asap,70B,java,orientechnologies/orientdb,ODistributedResponseManagerImpl.getMissingNodes,584,0.8154051899909973
asap,70B,java,orientechnologies/orientdb,ODistributedResponseManagerImpl.getConflictResponses,585,0.878229558467865
asap,70B,java,orientechnologies/orientdb,ODistributedResponseManagerImpl.getBestResponsesGroup,586,0.7548727989196777
asap,70B,java,orientechnologies/orientdb,ODistributedResponseManagerImpl.computeQuorumResponse,587,0.8764510750770569
asap,70B,java,orientechnologies/orientdb,ODistributedResponseManagerImpl.getReceivedResponses,588,0.7718020081520081
asap,70B,java,orientechnologies/orientdb,OETLJob.status,589,0.8329309225082397
asap,70B,java,orientechnologies/orientdb,OETLHandler.executeImport,590,0.7367516756057739
asap,70B,java,orientechnologies/orientdb,OETLHandler.status,591,0.7421104907989502
asap,70B,java,orientechnologies/orientdb,OWALSegmentCache.truncate,592,0.9425691366195679
asap,70B,java,orientechnologies/orientdb,ODirtyManager.mergeSet,593,0.8639026880264282
asap,70B,java,orientechnologies/orientdb,OAbstractPaginatedStorage.preallocateRids,594,0.6769108176231384
asap,70B,java,orientechnologies/orientdb,OFileUtils.atomicMoveWithFallback,595,0.1292242556810379
asap,70B,java,orientechnologies/orientdb,OFileUtils.prepareForFileCreationOrReplacement,596,0.9687103033065796
asap,70B,java,orientechnologies/orientdb,OMicroTransaction.commit,597,0.8907293677330017
asap,70B,java,orientechnologies/orientdb,OMicroTransaction.rollback,598,0.9739367961883545
asap,70B,java,orientechnologies/orientdb,OMicroTransaction.updateIdentityAfterRecordCommit,599,0.8187319040298462
asap,70B,java,real-logic/aeron,ClusterMember.determineMember,600,0.7800058126449585
asap,70B,java,real-logic/aeron,SamplesUtil.mapCounters,601,0.7358327507972717
asap,70B,java,real-logic/aeron,BacklogStat.snapshot,602,0.8403457403182983
asap,70B,java,real-logic/aeron,CommonContext.requestDriverTermination,603,0.9156443476676941
asap,70B,java,real-logic/aeron,TerminateDriverFlyweight.tokenBuffer,604,0.8059530854225159
asap,70B,java,real-logic/aeron,RecordingLog.findLastTerm,605,0.8267712593078613
asap,70B,java,real-logic/aeron,SamplesUtil.mapExistingFileReadOnly,606,0.8020743131637573
asap,70B,java,real-logic/aeron,HeaderFlyweight.flagsToChars,607,0.9515969753265381
asap,70B,java,real-logic/aeron,Configuration.validateUnblockTimeout,608,0.9763539433479309
asap,70B,java,real-logic/aeron,ReplayMerge.close,609,0.9866174459457397
asap,70B,java,real-logic/aeron,ReplayMerge.doWork,610,0.3525232672691345
asap,70B,java,real-logic/aeron,Configuration.validateSessionIdRange,611,0.7862416505813599
asap,70B,java,real-logic/aeron,RecordingSubscriptionDescriptorPoller.reset,612,0.9688619375228882
asap,70B,java,real-logic/aeron,ArchiveProxy.listRecordingSubscriptions,613,0.9291318655014038
asap,70B,java,real-logic/aeron,ClusterMember.hasActiveQuorum,614,0.9096112847328186
asap,70B,java,real-logic/aeron,ConcurrentPublication.offer,615,0.5958399772644043
asap,70B,java,real-logic/aeron,Publication.offer,616,0.7910968661308289
asap,70B,java,real-logic/aeron,ExclusivePublication.offer,617,0.5617090463638306
asap,70B,java,real-logic/aeron,ExclusiveTermAppender.appendUnfragmentedMessage,618,0.9600330591201782
asap,70B,java,real-logic/aeron,ArchiveProxy.truncateRecording,619,0.955507218837738
asap,70B,java,real-logic/aeron,ArchiveProxy.getStopPosition,620,0.8763947486877441
asap,70B,java,real-logic/aeron,AeronArchive.getStopPosition,621,0.8641400337219238
asap,70B,java,real-logic/aeron,RecordingLog.createRecoveryPlan,622,0.8898667097091675
asap,70B,java,real-logic/aeron,ClusterMember.validateMemberEndpoints,623,0.9499859809875488
asap,70B,java,real-logic/aeron,ClusterMember.areSameEndpoints,624,0.9903236627578735
asap,70B,java,real-logic/aeron,ClusterMember.encodeAsString,625,0.9759897589683533
asap,70B,java,real-logic/aeron,ClusterMember.isNotDuplicateEndpoints,626,0.892792284488678
asap,70B,java,real-logic/aeron,ClusterMember.findMemberIndex,627,0.9649726748466492
asap,70B,java,real-logic/aeron,ClusterMember.removeMember,628,0.9458165168762207
asap,70B,java,real-logic/aeron,ClusterMember.highMemberId,629,0.9401781558990479
asap,70B,java,real-logic/aeron,AeronCluster.offer,630,0.509773850440979
asap,70B,java,real-logic/aeron,ChannelUri.initialPosition,631,0.7622394561767578
asap,70B,java,real-logic/aeron,ClusterMember.compareLog,632,0.9116725325584412
asap,70B,java,real-logic/aeron,ClusterMember.compareLog,633,0.6247661709785461
asap,70B,java,real-logic/aeron,ChannelUriStringBuilder.initialPosition,634,0.753201425075531
asap,70B,java,real-logic/aeron,ChannelUri.channelTag,635,0.9454230070114136
asap,70B,java,real-logic/aeron,ChannelUri.entityTag,636,0.9560426473617554
asap,70B,java,real-logic/aeron,ChannelUri.getTag,637,0.9484850168228149
asap,70B,java,real-logic/aeron,RecoveryState.getSnapshotRecordingId,638,0.8838623762130737
asap,70B,java,real-logic/aeron,UdpChannel.matchesTag,639,0.7812575101852417
asap,70B,java,real-logic/aeron,PublicationImage.addDestination,640,0.882542610168457
asap,70B,java,real-logic/aeron,StreamStat.snapshot,641,0.8268083930015564
asap,70B,java,real-logic/aeron,HeartbeatStatus.allocate,642,0.8378452062606812
asap,70B,java,real-logic/aeron,ClusterMember.reset,643,0.9075958728790283
asap,70B,java,real-logic/aeron,ClusterMember.isQuorumCandidate,644,0.9441148042678833
asap,70B,java,real-logic/aeron,ClusterMember.isUnanimousCandidate,645,0.9397244453430176
asap,70B,java,real-logic/aeron,ArchiveProxy.tryConnect,646,0.781485378742218
asap,70B,java,real-logic/aeron,ArchiveProxy.findLastMatchingRecording,647,0.9410783648490906
asap,70B,java,real-logic/aeron,AeronArchive.truncateRecording,648,0.9628154039382935
asap,70B,java,real-logic/aeron,ArchiveProxy.getRecordingPosition,649,0.9546990394592285
asap,70B,java,real-logic/aeron,AeronArchive.findLastMatchingRecording,650,0.8822711110115051
asap,70B,java,real-logic/aeron,ServiceHeartbeat.allocate,651,0.8924864530563354
asap,70B,java,real-logic/aeron,ServiceHeartbeat.findCounterId,652,0.8386779427528381
asap,70B,java,real-logic/aeron,ClusterMember.hasWonVoteOnFullCount,653,0.9706243276596069
asap,70B,java,real-logic/aeron,ClusterMember.hasMajorityVote,654,0.9433827996253967
asap,70B,java,real-logic/aeron,ClusterMember.addMemberStatusPublications,655,0.6584415435791016
asap,70B,java,real-logic/aeron,ClusterMember.closeMemberPublications,656,0.9356273412704468
asap,70B,java,real-logic/aeron,ClusterMember.resetLogPositions,657,0.9635573625564575
asap,70B,java,real-logic/aeron,ClusterMember.haveVotersReachedPosition,658,0.9906659722328186
asap,70B,java,real-logic/aeron,ChannelUriStringBuilder.linger,659,0.8889891505241394
asap,70B,java,real-logic/aeron,RecordingLog.tombstoneEntry,660,0.8491829633712769
asap,70B,java,real-logic/aeron,ClusterMember.quorumPosition,661,0.6204043030738831
asap,70B,java,real-logic/aeron,ArchiveProxy.extendRecording,662,0.8128509521484375
asap,70B,java,real-logic/aeron,ChannelUri.addSessionId,663,0.9369794726371765
asap,70B,java,real-logic/aeron,ClusterNodeRole.findCounterId,664,0.8999686241149902
asap,70B,java,real-logic/aeron,RecordingPos.isActive,665,0.9057132601737976
asap,70B,java,real-logic/aeron,RecordingLog.createRecoveryPlan,666,0.9161922335624695
asap,70B,java,real-logic/aeron,RecoveryState.hasReplay,667,0.9744012355804443
asap,70B,java,real-logic/aeron,RecordingLog.reload,668,0.7758551239967346
asap,70B,java,real-logic/aeron,RecoveryState.allocate,669,0.8795638680458069
asap,70B,java,real-logic/aeron,ClusteredServiceContainer.main,670,0.7052148580551147
asap,70B,java,real-logic/aeron,RecordingPos.findCounterIdByRecording,671,0.844862163066864
asap,70B,java,real-logic/aeron,RecordingPos.findCounterIdBySession,672,0.795127272605896
asap,70B,java,real-logic/aeron,ArchiveProxy.listRecording,673,0.43559831380844116
asap,70B,java,real-logic/aeron,ClusterControl.findControlToggle,674,0.8855932950973511
asap,70B,java,real-logic/aeron,RecordingLog.appendTerm,675,0.89192134141922
asap,70B,java,real-logic/aeron,RecordingLog.appendSnapshot,676,0.9740737080574036
asap,70B,java,real-logic/aeron,RecordingLog.commitLogPosition,677,0.9015339612960815
asap,70B,java,real-logic/aeron,RecordingPos.getRecordingId,678,0.8894753456115723
asap,70B,java,real-logic/aeron,ArchiveProxy.stopReplay,679,0.9763662815093994
asap,70B,java,real-logic/aeron,AeronArchive.stopReplay,680,0.9834815263748169
asap,70B,java,real-logic/aeron,RecordingDescriptorPoller.reset,681,0.7335253953933716
asap,70B,java,real-logic/aeron,ClientSession.offer,682,0.7911337614059448
asap,70B,java,real-logic/aeron,CounterMessageFlyweight.keyBuffer,683,0.8192205429077148
asap,70B,java,real-logic/aeron,CounterMessageFlyweight.labelBuffer,684,0.8146151304244995
asap,70B,java,real-logic/aeron,ConcurrentPublication.offer,685,0.5860757827758789
asap,70B,java,real-logic/aeron,AeronCluster.close,686,0.9897127151489258
asap,70B,java,real-logic/aeron,StatusUtil.sendChannelStatus,687,0.5751594305038452
asap,70B,java,real-logic/aeron,StatusUtil.receiveChannelStatus,688,0.6781246662139893
asap,70B,java,real-logic/aeron,LogBufferDescriptor.checkPageSize,689,0.8521941900253296
asap,70B,java,real-logic/aeron,Configuration.validatePageSize,690,0.9505680203437805
asap,70B,java,real-logic/aeron,LogBufferDescriptor.casRawTail,691,0.5858917832374573
asap,70B,java,real-logic/aeron,ExclusivePublication.offer,692,0.5223939418792725
asap,70B,java,real-logic/aeron,ExclusiveTermAppender.appendFragmentedMessage,693,0.9564117789268494
asap,70B,java,real-logic/aeron,DirectBufferVector.validateAndComputeLength,694,0.8199961185455322
asap,70B,java,real-logic/aeron,DirectBufferVector.reset,695,0.9481022357940674
asap,70B,java,real-logic/aeron,ClusteredMediaDriver.main,696,0.7554649710655212
asap,70B,java,real-logic/aeron,DirectBufferVector.validate,697,0.9123811721801758
asap,70B,java,real-logic/aeron,UdpChannel.description,698,0.5707107782363892
asap,70B,java,real-logic/aeron,Configuration.validateSocketBufferLengths,699,0.9418339729309082
asap,70B,java,spring-projects/spring-security,CurrentSecurityContextArgumentResolver.resolveArgument,700,0.7095447778701782
asap,70B,java,spring-projects/spring-security,CurrentSecurityContextArgumentResolver.isInvalidType,701,0.9303305149078369
asap,70B,java,spring-projects/spring-security,DefaultOAuth2AuthorizationRequestResolver.addPkceParameters,702,0.5255157947540283
asap,70B,java,spring-projects/spring-security,JwtGrantedAuthoritiesConverter.convert,703,0.4124811589717865
asap,70B,java,spring-projects/spring-security,NimbusJwtDecoder.decode,704,0.026599254459142685
asap,70B,java,spring-projects/spring-security,HttpSecurity.oauth2Client,705,0.9569931030273438
asap,70B,java,spring-projects/spring-security,ActiveDirectoryLdapAuthenticationProvider.setContextEnvironmentProperties,706,0.9719147682189941
asap,70B,java,spring-projects/spring-security,AbstractAuthenticationFilterConfigurer.updateAccessDefaults,707,0.13447731733322144
asap,70B,java,spring-projects/spring-security,ReactiveRemoteJWKSource.getJWKSet,708,0.6277003288269043
asap,70B,java,spring-projects/spring-security,AbstractAuthenticationTargetUrlRequestHandler.determineTargetUrl,709,0.312488317489624
asap,70B,java,spring-projects/spring-security,SpringSecurityCoreVersion.getSpringVersion,710,0.9359108209609985
asap,70B,java,spring-projects/spring-security,HttpSecurity.oauth2ResourceServer,711,0.9591094255447388
asap,70B,java,spring-projects/spring-security,OAuth2ClientConfigurer.clientRegistrationRepository,712,0.9385359287261963
asap,70B,java,spring-projects/spring-security,LdapShaPasswordEncoder.extractPrefix,713,0.07929518073797226
asap,70B,java,spring-projects/spring-security,MessageDigestPasswordEncoder.encode,714,0.1646231859922409
asap,70B,java,spring-projects/spring-security,MessageDigestPasswordEncoder.matches,715,0.9340595006942749
asap,70B,java,spring-projects/spring-security,DefaultLoginPageGeneratingFilter.setResolveHiddenInputs,716,0.6222096681594849
asap,70B,java,spring-projects/spring-security,ImplicitGrantConfigurer.clientRegistrationRepository,717,0.950908899307251
asap,70B,java,spring-projects/spring-security,UserDetailsResourceFactoryBean.fromString,718,-0.30814504623413086
asap,70B,java,spring-projects/spring-security,AclClassIdUtils.identifierFrom,719,0.8020647168159485
asap,70B,java,spring-projects/spring-security,Base64.getDecodabet,720,-0.007470233365893364
asap,70B,java,spring-projects/spring-security,SecurityJackson2Modules.createWhitelistedDefaultTyping,721,0.9594876766204834
asap,70B,java,spring-projects/spring-security,ServerWebExchangeMatchers.pathMatchers,722,0.7043966054916382
asap,70B,java,spring-projects/spring-security,ServerWebExchangeMatchers.anyExchange,723,0.9166104197502136
asap,70B,java,spring-projects/spring-security,OAuth2LoginConfigurer.clientRegistrationRepository,724,-0.07073786854743958
asap,70B,java,spring-projects/spring-security,WebSecurityConfigurerAdapter.createSharedObjects,725,0.9538730382919312
asap,70B,java,spring-projects/spring-security,Pbkdf2PasswordEncoder.matches,726,0.7817682027816772
asap,70B,java,spring-projects/spring-security,LazyCsrfTokenRepository.generateToken,727,0.8084703683853149
asap,70B,java,spring-projects/spring-security,AbstractPreAuthenticatedProcessingFilter.principalChanged,728,0.8420736789703369
asap,70B,java,spring-projects/spring-security,MethodSecurityMetadataSourceAdvisorRegistrar.registerBeanDefinitions,729,0.9164680242538452
asap,70B,java,spring-projects/spring-security,OnCommittedResponseWrapper.checkContentLength,730,0.7777441143989563
asap,70B,java,spring-projects/spring-security,Encryptors.queryableText,731,0.8622727990150452
asap,70B,java,spring-projects/spring-security,CipherUtils.newSecretKey,732,0.9182305335998535
asap,70B,java,spring-projects/spring-security,CipherUtils.newCipher,733,0.95160973072052
asap,70B,java,spring-projects/spring-security,CipherUtils.getParameterSpec,734,0.9085860848426819
asap,70B,java,spring-projects/spring-security,CipherUtils.initCipher,735,0.7909528613090515
asap,70B,java,spring-projects/spring-security,CipherUtils.initCipher,736,0.9767477512359619
asap,70B,java,spring-projects/spring-security,EncodingUtils.concatenate,737,0.8103758096694946
asap,70B,java,spring-projects/spring-security,EncodingUtils.subArray,738,0.9771102666854858
asap,70B,java,spring-projects/spring-security,Utf8.decode,739,0.9449006915092468
asap,70B,java,spring-projects/spring-security,FilterChainProxy.getFilters,740,0.7522856593132019
asap,70B,java,spring-projects/spring-security,FilterChainProxy.getFilters,741,0.886596143245697
asap,70B,java,spring-projects/spring-security,XFrameOptionsHeaderWriter.writeHeaders,742,0.8185983896255493
asap,70B,java,spring-projects/spring-security,AbstractSecurityWebApplicationInitializer.insertSpringSecurityFilterChain,743,0.9206794500350952
asap,70B,java,spring-projects/spring-security,FastHttpDateFormat.getCurrentDate,744,0.9577991366386414
asap,70B,java,spring-projects/spring-security,FastHttpDateFormat.internalParseDate,745,0.9582444429397583
asap,70B,java,spring-projects/spring-security,FastHttpDateFormat.updateCache,746,0.974022626876831
asap,70B,java,spring-projects/spring-security,HttpSessionRequestCache.saveRequest,747,0.9729306697845459
asap,70B,java,spring-projects/spring-security,DefaultSavedRequest.getRedirectUrl,748,0.9592674970626831
asap,70B,java,spring-projects/spring-security,UrlUtils.buildRequestUrl,749,0.9780831336975098
asap,70B,java,spring-projects/spring-security,UrlUtils.isAbsoluteUrl,750,0.9805117249488831
asap,70B,java,spring-projects/spring-security,ThrowableAnalyzer.getRegisteredTypes,751,0.9095452427864075
asap,70B,java,spring-projects/spring-security,ThrowableAnalyzer.extractCause,752,0.8995163440704346
asap,70B,java,spring-projects/spring-security,RegexRequestMatcher.valueOf,753,0.8066545128822327
asap,70B,java,spring-projects/spring-security,SimpleUrlAuthenticationFailureHandler.setDefaultFailureUrl,754,0.933243989944458
asap,70B,java,spring-projects/spring-security,Http403ForbiddenEntryPoint.commence,755,0.3574717044830322
asap,70B,java,spring-projects/spring-security,LoginUrlAuthenticationEntryPoint.buildHttpsRedirectUrlForRequest,756,-0.1694565862417221
asap,70B,java,spring-projects/spring-security,SimpleUrlAuthenticationSuccessHandler.clearAuthenticationAttributes,757,0.8515430688858032
asap,70B,java,spring-projects/spring-security,UsernamePasswordAuthenticationFilter.setDetails,758,0.07407617568969727
asap,70B,java,spring-projects/spring-security,AbstractAuthenticationTargetUrlRequestHandler.determineTargetUrl,759,0.8919960260391235
asap,70B,java,spring-projects/spring-security,AbstractAuthenticationTargetUrlRequestHandler.setTargetUrlParameter,760,0.6368797421455383
asap,70B,java,spring-projects/spring-security,PersistentTokenBasedRememberMeServices.processAutoLoginCookie,761,-0.2698376774787903
asap,70B,java,spring-projects/spring-security,PersistentTokenBasedRememberMeServices.onLoginSuccess,762,-0.12929074466228485
asap,70B,java,spring-projects/spring-security,AbstractRememberMeServices.extractRememberMeCookie,763,0.2583310902118683
asap,70B,java,spring-projects/spring-security,AbstractRememberMeServices.encodeCookie,764,0.14906129240989685
asap,70B,java,spring-projects/spring-security,AbstractRememberMeServices.setCookie,765,0.31480345129966736
asap,70B,java,spring-projects/spring-security,AbstractPreAuthenticatedProcessingFilter.afterPropertiesSet,766,0.7392659187316895
asap,70B,java,spring-projects/spring-security,AbstractPreAuthenticatedProcessingFilter.doFilter,767,0.8593912124633789
asap,70B,java,spring-projects/spring-security,AbstractPreAuthenticatedProcessingFilter.doAuthenticate,768,0.9548251032829285
asap,70B,java,spring-projects/spring-security,J2eePreAuthenticatedProcessingFilter.getPreAuthenticatedPrincipal,769,0.8863076567649841
asap,70B,java,spring-projects/spring-security,WebSpherePreAuthenticatedWebAuthenticationDetailsSource.getWebSphereGroupsBasedGrantedAuthorities,770,0.9510107040405273
asap,70B,java,spring-projects/spring-security,WebSpherePreAuthenticatedProcessingFilter.getPreAuthenticatedPrincipal,771,0.8744022846221924
asap,70B,java,spring-projects/spring-security,DefaultWASUsernameAndGroupsExtractor.getSecurityName,772,0.9601235389709473
asap,70B,java,spring-projects/spring-security,DefaultWASUsernameAndGroupsExtractor.getWebSphereGroups,773,0.9776294827461243
asap,70B,java,spring-projects/spring-security,ConcurrentSessionControlAuthenticationStrategy.onAuthentication,774,0.9070190191268921
asap,70B,java,spring-projects/spring-security,ConcurrentSessionControlAuthenticationStrategy.allowableSessionsExceeded,775,0.9294450283050537
asap,70B,java,spring-projects/spring-security,RegisterSessionAuthenticationStrategy.onAuthentication,776,0.8873827457427979
asap,70B,java,spring-projects/spring-security,BasicAuthenticationFilter.extractAndDecodeHeader,777,0.9509906768798828
asap,70B,java,spring-projects/spring-security,SwitchUserFilter.attemptSwitchUser,778,0.9211844205856323
asap,70B,java,spring-projects/spring-security,SwitchUserFilter.attemptExitUser,779,0.69151771068573
asap,70B,java,spring-projects/spring-security,SwitchUserFilter.setExitUserUrl,780,0.43699613213539124
asap,70B,java,spring-projects/spring-security,DataSourcePopulator.createSampleData,781,0.6237004995346069
asap,70B,java,spring-projects/spring-security,DocumentDaoImpl.getDirectoryWithImmediateParentPopulated,782,0.9687473773956299
asap,70B,java,spring-projects/spring-security,AdminPermissionController.displayAdminPage,783,0.9259545803070068
asap,70B,java,spring-projects/spring-security,AdminPermissionController.displayAddPermissionPageForContact,784,0.9636451601982117
asap,70B,java,spring-projects/spring-security,AdminPermissionController.addPermission,785,0.9551378488540649
asap,70B,java,spring-projects/spring-security,AdminPermissionController.deletePermission,786,0.9918811321258545
asap,70B,java,spring-projects/spring-security,AddDeleteContactController.addContact,787,0.8206990361213684
asap,70B,java,spring-projects/spring-security,ContactManagerBackend.getRandomContact,788,0.9637507200241089
asap,70B,java,spring-projects/spring-security,SpringSecurityCoreVersion.disableChecks,789,0.9147615432739258
asap,70B,java,spring-projects/spring-security,AnnotationParameterNameDiscoverer.lookupParameterNames,790,0.9133421182632446
asap,70B,java,spring-projects/spring-security,AuthorityUtils.authorityListToSet,791,0.645075798034668
asap,70B,java,spring-projects/spring-security,SimpleAttributes2GrantedAuthoritiesMapper.getGrantedAuthorities,792,0.7657613754272461
asap,70B,java,spring-projects/spring-security,MapBasedAttributes2GrantedAuthoritiesMapper.getGrantedAuthorities,793,0.8816722631454468
asap,70B,java,spring-projects/spring-security,MapBasedAttributes2GrantedAuthoritiesMapper.preProcessMap,794,0.9751040935516357
asap,70B,java,spring-projects/spring-security,MapBasedAttributes2GrantedAuthoritiesMapper.getGrantedAuthorityCollection,795,0.9229580163955688
asap,70B,java,spring-projects/spring-security,MapBasedAttributes2GrantedAuthoritiesMapper.addGrantedAuthorityCollection,796,0.9548848271369934
asap,70B,java,spring-projects/spring-security,FieldUtils.getField,797,0.9578603506088257
asap,70B,java,spring-projects/spring-security,MapBasedMethodSecurityMetadataSource.findAttributes,798,-0.47090446949005127
asap,70B,java,spring-projects/spring-security,MapBasedMethodSecurityMetadataSource.addSecureMethod,799,0.17439809441566467
asap,70B,java,wildfly/wildfly,WeldDeploymentMarker.mark,900,0.8862844705581665
asap,70B,java,wildfly/wildfly,JaxrsMethodParameterProcessor.validateDefaultValues,901,0.2344752550125122
asap,70B,java,wildfly/wildfly,JaxrsMethodParameterProcessor.getParamConverters,902,0.7749337553977966
asap,70B,java,wildfly/wildfly,JaxrsMethodParameterProcessor.getResouceClasses,903,0.8543807864189148
asap,70B,java,wildfly/wildfly,JaxrsMethodParameterProcessor.checkParamType,904,0.6810853481292725
asap,70B,java,wildfly/wildfly,JaxrsMethodParameterProcessor.lookupDefaultValueAnn,905,0.8832828402519226
asap,70B,java,wildfly/wildfly,JaxrsMethodParameterProcessor.validateBaseType,906,0.9874067306518555
asap,70B,java,wildfly/wildfly,ExternalPooledConnectionFactoryDefinition.define,907,0.9131142497062683
asap,70B,java,wildfly/wildfly,MetricsTransformers.rejectDefinedAttributeWithDefaultValue,908,0.693507194519043
asap,70B,java,wildfly/wildfly,MetricCollector.collectResourceMetrics,909,0.7857769131660461
asap,70B,java,wildfly/wildfly,MessagingServices.getCapabilityServiceName,910,0.8849847912788391
asap,70B,java,wildfly/wildfly,TransportConfigOperationHandlers.getExtraParameters,911,0.8805190324783325
asap,70B,java,wildfly/wildfly,JMSConnectionFactoryDefinitionInjectionSource.targetsExternalPooledConnectionFactory,912,0.896045446395874
asap,70B,java,wildfly/wildfly,UndertowSubsystemParser_8_0.listenerBuilder,913,0.9200003147125244
asap,70B,java,wildfly/wildfly,JMSServerControlHandler.inferDestinationName,914,0.9107403755187988
asap,70B,java,wildfly/wildfly,CDIExtension.observeResources,915,-0.15196356177330017
asap,70B,java,wildfly/wildfly,CDIExtension.close,916,0.7737439870834351
asap,70B,java,wildfly/wildfly,CalendarTimer.handleRestorationCalculation,917,0.8008381128311157
asap,70B,java,wildfly/wildfly,HibernatePersistenceProviderAdaptor.doesScopedPersistenceUnitNameIdentifyCacheRegionName,918,0.9728097915649414
asap,70B,java,wildfly/wildfly,XTSSubsystemParser.processAttributes,919,0.36352217197418213
asap,70B,java,wildfly/wildfly,ApplicableMethodInformation.isMethodLevel,920,0.8871598839759827
asap,70B,java,wildfly/wildfly,TransactedJMSContext.registerCleanUpListener,921,0.8220049738883972
asap,70B,java,wildfly/wildfly,DatabaseTimerPersistence.stringAsSchedulerDate,922,0.9086358547210693
asap,70B,java,wildfly/wildfly,WebTransformers.registerTransformers_2_x_0,923,0.9033085107803345
asap,70B,java,wildfly/wildfly,AuditNotificationReceiver.deriveUsefulInfo,924,0.9192636013031006
asap,70B,java,wildfly/wildfly,JdrZipFile.addAsString,925,0.9113317131996155
asap,70B,java,wildfly/wildfly,EJBSuspendHandlerService.start,926,0.9531901478767395
asap,70B,java,wildfly/wildfly,EJBSuspendHandlerService.stop,927,0.9611293077468872
asap,70B,java,wildfly/wildfly,EJBSuspendHandlerService.suspended,928,0.9422228932380676
asap,70B,java,wildfly/wildfly,EJBSuspendHandlerService.resume,929,0.9704591035842896
asap,70B,java,wildfly/wildfly,EJBSuspendHandlerService.invocationComplete,930,0.5205262899398804
asap,70B,java,wildfly/wildfly,EJBSuspendHandlerService.transactionCreated,931,0.9745908379554749
asap,70B,java,wildfly/wildfly,AbstractProtocolResourceDefinition.addTransformations,932,0.7270512580871582
asap,70B,java,wildfly/wildfly,CancellationFlag.cancel,933,0.9058459401130676
asap,70B,java,wildfly/wildfly,CancellationFlag.runIfNotCancelled,934,0.7481385469436646
asap,70B,java,wildfly/wildfly,ElytronCallbackHandler.authenticate,935,0.9604434370994568
asap,70B,java,wildfly/wildfly,ElytronCallbackHandler.addPrivateCredential,936,0.9690335988998413
asap,70B,java,wildfly/wildfly,EJBClientConfiguratorService.accept,937,0.9031285047531128
asap,70B,java,wildfly/wildfly,EjbCorbaServant.authenticate,938,0.923762321472168
asap,70B,java,wildfly/wildfly,BatchPermission.forName,939,0.739883542060852
asap,70B,java,wildfly/wildfly,WildFlyJobXmlResolver.getJobXmlNames,940,0.9404685497283936
asap,70B,java,wildfly/wildfly,ElytronSecurityManager.authenticate,941,0.9804224967956543
asap,70B,java,wildfly/wildfly,AbstractInvocationHandler.invoke,942,0.9346160888671875
asap,70B,java,wildfly/wildfly,Configuration.skipMixedSynchronizationTypeCheck,943,0.6681928634643555
asap,70B,java,wildfly/wildfly,ElytronIntegrationResourceDefinitions.getElytronKeyStoreResourceDefinition,944,0.9343564510345459
asap,70B,java,wildfly/wildfly,ElytronIntegrationResourceDefinitions.getElytronKeyManagersResourceDefinition,945,0.9171237945556641
asap,70B,java,wildfly/wildfly,ElytronIntegrationResourceDefinitions.getElytronTrustManagersResourceDefinition,946,0.8898113965988159
asap,70B,java,wildfly/wildfly,Consumers.close,947,0.9442894458770752
asap,70B,java,wildfly/wildfly,InjectedJMSContext.getDelegate,948,0.8383890390396118
asap,70B,java,wildfly/wildfly,InjectedJMSContext.isInTransaction,949,0.7736539840698242
asap,70B,java,wildfly/wildfly,InjectedJMSContext.getTransactionSynchronizationRegistry,950,0.9871456623077393
asap,70B,java,wildfly/wildfly,InjectedJMSContext.getConnectionFactory,951,0.9784414768218994
asap,70B,java,wildfly/wildfly,JndiPermission.getActions,952,-0.32597771286964417
asap,70B,java,wildfly/wildfly,JMSConnectionFactoryDefinitionInjectionSource.targetsPooledConnectionFactory,953,0.9586286544799805
asap,70B,java,wildfly/wildfly,MigrateOperation.parameterIsAllowed,954,0.8290426135063171
asap,70B,java,wildfly/wildfly,GetDataSourceClassInfoOperationHandler.isTypeMatched,955,0.8395603895187378
asap,70B,java,wildfly/wildfly,CommonIronJacamarParser.parseConnectionAttributes_5_0,956,0.7333425283432007
asap,70B,java,wildfly/wildfly,MigrateOperation.migrateGenericTransport,957,0.643563985824585
asap,70B,java,wildfly/wildfly,WildFlyJobXmlResolver.init,958,0.9801087379455566
asap,70B,java,wildfly/wildfly,HibernateSearchProcessor.deploy,959,0.8846300840377808
asap,70B,java,wildfly/wildfly,WebMigrateOperation.createSecurityRealm,960,0.8881396055221558
asap,70B,java,wildfly/wildfly,WebMigrateOperation.createIoSubsystem,961,0.9529608488082886
asap,70B,java,wildfly/wildfly,WebMigrateOperation.createWelcomeContentHandler,962,0.8569778203964233
asap,70B,java,wildfly/wildfly,ImportJournalOperation.createInVMTransportConfiguration,963,0.9590386152267456
asap,70B,java,wildfly/wildfly,MigrateOperation.addMessagingActiveMQExtension,964,0.7631762027740479
asap,70B,java,wildfly/wildfly,Notification.addCacheDependencies,965,0.8285938501358032
asap,70B,java,wildfly/wildfly,QueryName.subst,966,0.9879986047744751
asap,70B,java,wildfly/wildfly,Operations.createAddOperation,967,0.8435431718826294
asap,70B,java,wildfly/wildfly,ShutDownInterceptorFactory.shutdown,968,0.9829510450363159
asap,70B,java,wildfly/wildfly,ServiceMBeanSupport.getName,969,0.9475319981575012
asap,70B,java,wildfly/wildfly,ServiceMBeanSupport.sendStateChangeNotification,970,0.944199800491333
asap,70B,java,wildfly/wildfly,WSEndpointConfigMapping.registerEndpointConfig,971,0.9498677253723145
asap,70B,java,wildfly/wildfly,JCAOrderedLastSynchronizationList.registerInterposedSynchronization,972,0.8575601577758789
asap,70B,java,wildfly/wildfly,JCAOrderedLastSynchronizationList.beforeCompletion,973,0.9053972959518433
asap,70B,java,wildfly/wildfly,DatabaseTimerPersistence.setNodeName,974,0.7427260279655457
asap,70B,java,wildfly/wildfly,ManagementUtil.convertSecurityRole,975,0.8157843351364136
asap,70B,java,wildfly/wildfly,TransportConfigOperationHandlers.processAcceptors,976,0.6877968311309814
asap,70B,java,wildfly/wildfly,TransportConfigOperationHandlers.getParameters,977,0.9296486377716064
asap,70B,java,wildfly/wildfly,TransportConfigOperationHandlers.processConnectors,978,0.9339011907577515
asap,70B,java,wildfly/wildfly,BroadcastGroupDefinition.getAvailableConnectors,979,0.8851956129074097
asap,70B,java,wildfly/wildfly,AddressSettingAdd.createSettings,980,0.9536285996437073
asap,70B,java,wildfly/wildfly,AbstractActiveMQComponentControlHandler.getActiveMQComponentControl,981,0.8858729600906372
asap,70B,java,wildfly/wildfly,QueueDefinition.forwardToRuntimeQueue,982,0.9778648018836975
asap,70B,java,wildfly/wildfly,PooledConnectionFactoryRemove.removeJNDIAliases,983,0.8000762462615967
asap,70B,java,wildfly/wildfly,WildFlyBindingRegistry.lookup,984,0.9662225246429443
asap,70B,java,wildfly/wildfly,WildFlyBindingRegistry.unbind,985,0.8313664197921753
asap,70B,java,wildfly/wildfly,PooledConnectionFactoryDefinition.define,986,-0.3759598731994629
asap,70B,java,wildfly/wildfly,JMSBridgeAdd.resolveAttribute,987,0.9629976153373718
asap,70B,java,wildfly/wildfly,ManagementHelper.createAddOperation,988,0.9219410419464111
asap,70B,java,wildfly/wildfly,WeldSubsystemAdd.checkJtsEnabled,989,0.9799915552139282
asap,70B,java,wildfly/wildfly,JacORBExtension.registerTransformers,990,0.9651645421981812
asap,70B,java,wildfly/wildfly,AbstractFederationSubsystemReader.createSubsystemRoot,991,0.9421355128288269
asap,70B,java,wildfly/wildfly,AbstractFederationSubsystemReader.parseConfig,992,0.9341304898262024
asap,70B,java,wildfly/wildfly,SecurityActions.getDeclaredMethods,993,0.90560382604599
asap,70B,java,wildfly/wildfly,SecurityActions.getDeclaredFields,994,0.8499609231948853
asap,70B,java,wildfly/wildfly,SecurityActions.getConstructor,995,0.906782329082489
asap,70B,java,wildfly/wildfly,SecurityActions.getMethod,996,0.5107944011688232
asap,70B,java,wildfly/wildfly,StatefulSessionComponent.createSessionRemote,997,0.9326218962669373
asap,70B,java,wildfly/wildfly,MessagingTransformers.buildTransformers2_1_0,998,0.8031812906265259
asap,70B,java,wildfly/wildfly,DatabaseTimerPersistence.extractDialects,999,0.6786794662475586
asap,70B,java,floci-io/floci,MemoryDbService.validatePassword,1200,0.9578207731246948
asap,70B,java,floci-io/floci,TableDefinition.getTableId,1201,0.9754471182823181
asap,70B,java,floci-io/floci,FlociUiManager.status,1202,0.8463050127029419
asap,70B,java,floci-io/floci,FlociUiManager.resolveFlociEndpoint,1203,0.945173978805542
asap,70B,java,floci-io/floci,UiController.redirectUrl,1204,0.9274063110351562
asap,70B,java,floci-io/floci,CustomResourceResponseStore.register,1205,0.8662155270576477
asap,70B,java,floci-io/floci,CognitoMessageDispatcher.resolveDeliveryMediums,1206,0.8202691078186035
asap,70B,java,floci-io/floci,OpenSearchInstanceTypes.InstanceTypeSpec,1207,0.5967278480529785
asap,70B,java,floci-io/floci,LambdaLayerService.publishLayerVersion,1208,0.5088750123977661
asap,70B,java,floci-io/floci,LambdaLayerService.getLayerVersion,1209,0.9058979749679565
asap,70B,java,floci-io/floci,LambdaLayerService.deleteLayerVersion,1210,0.952279806137085
asap,70B,java,floci-io/floci,LambdaLayerStore.listVersions,1211,0.9365776777267456
asap,70B,java,floci-io/floci,LambdaLayerStore.deleteAll,1212,0.984548032283783
asap,70B,java,floci-io/floci,S3RequestParser.hasQueryParamInString,1213,0.9783737659454346
asap,70B,java,floci-io/floci,SqsService.normalizeQueueUrl,1214,0.8773561716079712
asap,70B,java,floci-io/floci,S3Controller.appendPutObjectResponseHeaders,1215,0.9620478749275208
asap,70B,java,floci-io/floci,EcsLoadBalancerRegistrar.registerTask,1216,0.9624313116073608
asap,70B,java,floci-io/floci,GuardedMessageQueue.drainOne,1217,0.8579520583152771
asap,70B,java,floci-io/floci,BcmDataExportsService.accountIdFromArn,1218,0.9740256667137146
asap,70B,java,floci-io/floci,CurEmissionScheduler.runDaily,1219,0.7847098112106323
asap,70B,java,floci-io/floci,FlociDuckClient.resolveFlociEndpoint,1220,0.9093683362007141
asap,70B,java,floci-io/floci,DynamoDbReservedWords.check,1221,0.9638413190841675
asap,70B,java,floci-io/floci,ProjectionEvaluator.project,1222,0.8603140711784363
asap,70B,java,floci-io/floci,TlsConfigSource.extractCustomHostnames,1223,0.9236310124397278
asap,70B,java,floci-io/floci,TlsConfigSource.resolveFlociVersion,1224,0.8280979990959167
asap,70B,java,floci-io/floci,TlsConfigSource.hostnameConfigChanged,1225,-0.19868946075439453
asap,70B,java,floci-io/floci,AccountResolver.resolve,1226,0.9789374470710754
asap,70B,java,floci-io/floci,AccountResolver.extractAccessKeyId,1227,0.9704750180244446
asap,70B,java,floci-io/floci,EsmStore.listAll,1228,0.9658077955245972
asap,70B,java,floci-io/floci,WebSocketProxyEventBuilder.buildConnectEvent,1229,0.9625674486160278
asap,70B,java,floci-io/floci,WebSocketProxyEventBuilder.buildMessageEvent,1230,0.9262474179267883
asap,70B,java,floci-io/floci,WebSocketProxyEventBuilder.buildMessageEvent,1231,0.9624360203742981
asap,70B,java,floci-io/floci,WebSocketProxyEventBuilder.buildDisconnectEvent,1232,0.9445680379867554
asap,70B,java,floci-io/floci,WebSocketProxyEventBuilder.buildAuthorizerEvent,1233,0.9288922548294067
asap,70B,java,floci-io/floci,WebSocketIntegrationInvoker.IntegrationResult,1234,0.8238559365272522
asap,70B,java,floci-io/floci,RouteSelectionEvaluator.evaluate,1235,0.8134802579879761
asap,70B,java,floci-io/floci,WebSocketRouteResolver.RouteResolution,1236,0.9016321897506714
asap,70B,java,floci-io/floci,WebSocketRouteResolver.resolve,1237,0.9568821787834167
asap,70B,java,floci-io/floci,WebSocketConnectionManager.register,1238,0.9923936724662781
asap,70B,java,floci-io/floci,WebSocketConnectionManager.unregister,1239,0.9786964058876038
asap,70B,java,floci-io/floci,WebSocketConnectionManager.sendMessage,1240,0.9671153426170349
asap,70B,java,floci-io/floci,WebSocketConnectionManager.updateLastActiveAt,1241,0.9429411292076111
asap,70B,java,floci-io/floci,WebSocketAuthorizerService.AuthorizerResult,1242,0.8431001901626587
asap,70B,java,floci-io/floci,WebSocketAuthorizerService.parseAuthorizerResponse,1243,0.935500979423523
asap,70B,java,floci-io/floci,WebSocketAuthorizerService.hasQueryParamValue,1244,0.9641320705413818
asap,70B,java,floci-io/floci,WebSocketHandler.init,1245,0.9846252202987671
asap,70B,java,floci-io/floci,WebSocketHandler.handleWebSocketUpgrade,1246,0.9162439703941345
asap,70B,java,floci-io/floci,WebSocketHandler.completeUpgradeWithHeaders,1247,0.9468833208084106
asap,70B,java,floci-io/floci,WebSocketHandler.scheduleIdleTimeout,1248,0.9260802268981934
asap,70B,java,floci-io/floci,WebSocketHandler.onMessage,1249,0.9733952283859253
asap,70B,java,floci-io/floci,WebSocketHandler.safeWriteTextMessage,1250,0.9022135734558105
asap,70B,java,floci-io/floci,WebSocketHandler.extractQueryParams,1251,0.9312178492546082
asap,70B,java,floci-io/floci,WebSocketHandler.resolveRegionFromVertxRequest,1252,0.8987458944320679
asap,70B,java,floci-io/floci,ContainerStorageHelper.removeStorage,1253,0.9922521710395813
asap,70B,java,floci-io/floci,TextractService.buildGeometry,1254,0.8970201015472412
asap,70B,java,floci-io/floci,TextractService.buildRelationships,1255,0.8195914030075073
asap,70B,java,floci-io/floci,PortAllocator.release,1256,0.8607029914855957
asap,70B,java,floci-io/floci,DockerClientProducer.resolveEffectiveDockerHost,1257,-0.11648287624120712
asap,70B,java,floci-io/floci,ApiGatewayV2Service.parseArn,1258,0.8569713830947876
asap,70B,java,floci-io/floci,AwsArnUtils.Arn,1259,-0.46795654296875
asap,70B,java,floci-io/floci,Ec2MetadataServer.registerContainer,1260,0.7732309103012085
asap,70B,java,floci-io/floci,Ec2MetadataServer.unregisterContainer,1261,0.7876533269882202
asap,70B,java,floci-io/floci,AmiImageResolver.resolve,1262,0.7731640338897705
asap,70B,java,floci-io/floci,Ec2ContainerManager.launch,1263,0.9856947660446167
asap,70B,java,floci-io/floci,Ec2ContainerManager.start,1264,0.9758428931236267
asap,70B,java,floci-io/floci,Ec2ContainerManager.reboot,1265,0.9332467317581177
asap,70B,java,floci-io/floci,CodeBuildRunner.copyArtifactsFromContainer,1266,0.9429885149002075
asap,70B,java,floci-io/floci,ContainerLifecycleManager.removeVolume,1267,0.9909879565238953
asap,70B,java,floci-io/floci,ContainerLifecycleManager.isContainerRunning,1268,0.94232177734375
asap,70B,java,floci-io/floci,FlociDuckManager.ensureReady,1269,0.5099685192108154
asap,70B,java,floci-io/floci,DynamoDbTableNames.requireShortName,1270,0.76120525598526
asap,70B,java,floci-io/floci,SmtpRelay.relay,1271,0.9425188302993774
asap,70B,java,floci-io/floci,SmtpRelay.relayRaw,1272,0.8658047914505005
asap,70B,java,floci-io/floci,WarmPool.pushCodeUpdate,1273,0.6728445291519165
asap,70B,java,floci-io/floci,SqsService.parseDelaySecondsAttribute,1274,0.31707385182380676
asap,70B,java,floci-io/floci,ContainerLifecycleManager.startCreated,1275,0.956764280796051
asap,70B,java,floci-io/floci,ContainerLifecycleManager.stopAndRemove,1276,0.8903552889823914
asap,70B,java,floci-io/floci,ContainerLifecycleManager.findByName,1277,0.9584531784057617
asap,70B,java,floci-io/floci,ContainerLifecycleManager.adopt,1278,0.7761605978012085
asap,70B,java,floci-io/floci,ContainerLifecycleManager.removeIfExists,1279,0.8777994513511658
asap,70B,java,floci-io/floci,ContainerLifecycleManager.ContainerInfo,1280,0.6613009572029114
asap,70B,java,floci-io/floci,ContainerLifecycleManager.EndpointInfo,1281,0.9621655941009521
asap,70B,java,floci-io/floci,PortAllocator.allocateAny,1282,0.9765836000442505
asap,70B,java,floci-io/floci,PortAllocator.isPortFree,1283,0.9704358577728271
asap,70B,java,floci-io/floci,ContainerLogStreamer.attach,1284,0.9122104644775391
asap,70B,java,floci-io/floci,ContainerLogStreamer.ensureLogGroupAndStream,1285,0.6518820524215698
asap,70B,java,floci-io/floci,LambdaConcurrencyLimiter.validateAndSetReserved,1286,0.9408758282661438
asap,70B,java,floci-io/floci,IamEnforcementFilter.accessDeniedResponse,1287,0.8361313343048096
asap,70B,java,floci-io/floci,IamActionRegistry.resolve,1288,0.7735511660575867
asap,70B,java,floci-io/floci,IamService.registerSession,1289,0.9767638444900513
asap,70B,java,floci-io/floci,IamService.resolveCallerContext,1290,0.8172221779823303
asap,70B,java,floci-io/floci,S3ControlController.listTagsForResource,1291,0.9098864197731018
asap,70B,java,floci-io/floci,S3ControlController.tagResource,1292,0.9458010792732239
asap,70B,java,floci-io/floci,S3ControlController.untagResource,1293,0.986945390701294
asap,70B,java,floci-io/floci,S3ControlController.extractBucketName,1294,0.9511622786521912
asap,70B,java,floci-io/floci,RegistryHttpClient.catalog,1295,0.8143311142921448
asap,70B,java,floci-io/floci,EcrRegistryManager.getProxyEndpoint,1296,0.9475795030593872
asap,70B,java,floci-io/floci,S3Controller.extractObjectKey,1297,0.9241231679916382
asap,70B,java,floci-io/floci,CognitoSrpHelper.generateServerB,1298,0.6724914908409119
asap,70B,java,floci-io/floci,CognitoSrpHelper.computeSessionKey,1299,0.8586540222167969
cara,70B,java,oblac/jodd,EmailUtil.isEmptyFlags,400,0.3920716643333435
cara,70B,java,oblac/jodd,Sockets.connect,401,0.9897764921188354
cara,70B,java,oblac/jodd,Sockets.connect,402,-0.039120905101299286
cara,70B,java,oblac/jodd,BaseLoggableStatement.getQueryString,403,-0.144188791513443
cara,70B,java,oblac/jodd,ClassReader.readBootstrapMethodsAttribute,404,0.9530960321426392
cara,70B,java,oblac/jodd,Frame.copyFrom,405,0.1507212519645691
cara,70B,java,oblac/jodd,Type.getMethodDescriptor,406,0.9050090312957764
cara,70B,java,oblac/jodd,Type.appendDescriptor,407,0.970447301864624
cara,70B,java,oblac/jodd,Type.getArgumentsAndReturnSizes,408,0.8038222789764404
cara,70B,java,oblac/jodd,BeanProperty.updateBean,409,-0.2868017554283142
cara,70B,java,oblac/jodd,StringUtil.detectQuoteChar,410,0.9526150226593018
cara,70B,java,oblac/jodd,DbEntitySql.findAll,411,0.8369369506835938
cara,70B,java,oblac/jodd,Cli.printUsage,412,-0.1825464963912964
cara,70B,java,oblac/jodd,ReceiverBuilder.get,413,-0.20224086940288544
cara,70B,java,oblac/jodd,ProxettaAsmUtil.resolveJavaVersion,414,0.9589717984199524
cara,70B,java,oblac/jodd,ClassVisitor.visitNestHost,415,0.9131715297698975
cara,70B,java,oblac/jodd,ClassVisitor.visitNestMember,416,-0.4245251417160034
cara,70B,java,oblac/jodd,ClassWriter.replaceAsmInstructions,417,-0.47640013694763184
cara,70B,java,oblac/jodd,SymbolTable.addConstantDynamic,418,-0.15281058847904205
cara,70B,java,oblac/jodd,Format.formatParagraph,419,0.13490279018878937
cara,70B,java,oblac/jodd,Format.convertTabsToSpaces,420,0.14733421802520752
cara,70B,java,oblac/jodd,Format.escapeJava,421,0.26312553882598877
cara,70B,java,oblac/jodd,Format.unescapeJava,422,0.3564627766609192
cara,70B,java,oblac/jodd,Format.toCamelCase,423,0.22136646509170532
cara,70B,java,oblac/jodd,Format.toPrettyString,424,0.10908515751361847
cara,70B,java,oblac/jodd,JavaInfo.buildJrePackages,425,0.960759699344635
cara,70B,java,oblac/jodd,SystemUtil.get,426,0.3193034827709198
cara,70B,java,oblac/jodd,SystemUtil.getBoolean,427,0.4234471917152405
cara,70B,java,oblac/jodd,SystemUtil.getInt,428,0.5471353530883789
cara,70B,java,oblac/jodd,SystemUtil.getLong,429,0.551945686340332
cara,70B,java,oblac/jodd,Format.alignLeftAndPad,430,0.9715313911437988
cara,70B,java,oblac/jodd,Node.findChildNodeWithName,431,0.07002928853034973
cara,70B,java,oblac/jodd,Node.filterChildNodes,432,0.9357049465179443
cara,70B,java,oblac/jodd,AuthAction.tokenAsJson,433,0.9121160507202148
cara,70B,java,oblac/jodd,UserSession.stop,434,0.9729620218276978
cara,70B,java,oblac/jodd,UserSession.start,435,0.9840954542160034
cara,70B,java,oblac/jodd,AuthInterceptor.authenticateUserViaHttpSession,436,-0.22669091820716858
cara,70B,java,oblac/jodd,AuthInterceptor.authenticateUserViaToken,437,-0.17233064770698547
cara,70B,java,oblac/jodd,AuthInterceptor.authenticateUserViaBasicAuth,438,0.016009461134672165
cara,70B,java,oblac/jodd,ServletUtil.resolveAuthBearerToken,439,0.30555298924446106
cara,70B,java,oblac/jodd,WebApp.withActionConfig,440,0.9548579454421997
cara,70B,java,oblac/jodd,WebApp.configureDefaults,441,0.990001916885376
cara,70B,java,oblac/jodd,ActionConfigManager.bindAnnotationConfig,442,0.9767175912857056
cara,70B,java,oblac/jodd,ActionConfigManager.registerNewActionConfiguration,443,0.9614642858505249
cara,70B,java,oblac/jodd,ActionConfigManager.lookup,444,0.9390864372253418
cara,70B,java,oblac/jodd,ActionConfigManager.with,445,0.953350841999054
cara,70B,java,oblac/jodd,JsonResult.of,446,-0.36042672395706177
cara,70B,java,oblac/jodd,TypeCache.createDefault,447,0.7294607758522034
cara,70B,java,oblac/jodd,DbOomQuery.preprocessSql,448,-0.43630680441856384
cara,70B,java,oblac/jodd,DbOomQuery.populateGeneratedKeys,449,0.7942171096801758
cara,70B,java,oblac/jodd,DbOom.connect,450,0.8435851335525513
cara,70B,java,oblac/jodd,TypeData.resolveRealName,451,0.09831199795007706
cara,70B,java,oblac/jodd,TypeData.resolveJsonName,452,0.1861947774887085
cara,70B,java,oblac/jodd,MailSession.setupSystemMailProperties,453,0.9285714626312256
cara,70B,java,oblac/jodd,BeanData.invokeInitMethods,454,0.986578106880188
cara,70B,java,oblac/jodd,BeanData.callDestroyMethods,455,0.9663240909576416
cara,70B,java,oblac/jodd,BeanData.newBeanInstance,456,0.9820426106452942
cara,70B,java,oblac/jodd,BeanData.injectParams,457,0.945185661315918
cara,70B,java,oblac/jodd,JoyMadvoc.printRoutes,458,0.8303618431091309
cara,70B,java,oblac/jodd,MethodWriter.endCurrentBasicBlockWithNoSuccessor,459,0.21239833533763885
cara,70B,java,oblac/jodd,MethodWriter.computeMethodInfoSize,460,-0.04162651300430298
cara,70B,java,oblac/jodd,MethodWriter.collectAttributePrototypes,461,0.9384291172027588
cara,70B,java,oblac/jodd,ByteVector.enlarge,462,0.42960038781166077
cara,70B,java,oblac/jodd,ClassReader.readStream,463,-0.40231871604919434
cara,70B,java,oblac/jodd,ClassReader.readLabel,464,-0.2843295633792877
cara,70B,java,oblac/jodd,ClassReader.readTypeAnnotations,465,-0.6836451292037964
cara,70B,java,oblac/jodd,ClassReader.getTypeAnnotationBytecodeOffset,466,0.1547093242406845
cara,70B,java,oblac/jodd,ClassReader.readParameterAnnotations,467,-0.8112770915031433
cara,70B,java,oblac/jodd,ClassReader.readElementValues,468,0.8212488889694214
cara,70B,java,oblac/jodd,ClassReader.readVerificationTypeInfo,469,0.9285812377929688
cara,70B,java,oblac/jodd,CurrentFrame.execute,470,-0.41090771555900574
cara,70B,java,oblac/jodd,ClassWriter.toByteArray,471,-0.15421079099178314
cara,70B,java,oblac/jodd,ClassWriter.getAttributePrototypes,472,-0.2169424593448639
cara,70B,java,oblac/jodd,Frame.getAbstractTypeFromApiFormat,473,0.9332280158996582
cara,70B,java,oblac/jodd,Frame.setInputFrameFromApiFormat,474,0.13792434334754944
cara,70B,java,oblac/jodd,Handler.removeRange,475,0.7593833208084106
cara,70B,java,oblac/jodd,Handler.getExceptionTableLength,476,0.8457316756248474
cara,70B,java,oblac/jodd,MethodVisitor.visitParameter,477,0.9541974067687988
cara,70B,java,oblac/jodd,MethodVisitor.visitAnnotation,478,0.9784556031227112
cara,70B,java,oblac/jodd,MethodVisitor.visitTypeAnnotation,479,0.9892549514770508
cara,70B,java,oblac/jodd,MethodVisitor.visitParameterAnnotation,480,0.9603197574615479
cara,70B,java,oblac/jodd,MethodVisitor.visitTypeInsn,481,-0.2085280418395996
cara,70B,java,oblac/jodd,MethodVisitor.visitFieldInsn,482,-0.17830795049667358
cara,70B,java,oblac/jodd,MethodVisitor.visitMethodInsn,483,-0.5737308263778687
cara,70B,java,oblac/jodd,MethodVisitor.visitInvokeDynamicInsn,484,-0.5533909797668457
cara,70B,java,oblac/jodd,MethodVisitor.visitJumpInsn,485,-0.28683382272720337
cara,70B,java,oblac/jodd,MethodVisitor.visitTableSwitchInsn,486,0.9850477576255798
cara,70B,java,oblac/jodd,MethodVisitor.visitLookupSwitchInsn,487,0.7030537724494934
cara,70B,java,oblac/jodd,MethodVisitor.visitMultiANewArrayInsn,488,0.9372921586036682
cara,70B,java,oblac/jodd,MethodVisitor.visitTryCatchBlock,489,0.8652365207672119
cara,70B,java,oblac/jodd,MethodVisitor.visitLocalVariable,490,-0.2116706520318985
cara,70B,java,oblac/jodd,MethodVisitor.visitLocalVariableAnnotation,491,0.9789133667945862
cara,70B,java,oblac/jodd,MethodVisitor.visitLineNumber,492,0.30785638093948364
cara,70B,java,oblac/jodd,SymbolTable.copyBootstrapMethods,493,0.8504687547683716
cara,70B,java,oblac/jodd,SymbolTable.setMajorVersionAndClassName,494,-0.03491077199578285
cara,70B,java,oblac/jodd,SymbolTable.putBootstrapMethods,495,0.6928858160972595
cara,70B,java,oblac/jodd,SymbolTable.addConstant,496,0.8654943704605103
cara,70B,java,oblac/jodd,SymbolTable.addConstantMethodref,497,0.002269711811095476
cara,70B,java,oblac/jodd,SymbolTable.addConstantMemberReference,498,0.015015481039881706
cara,70B,java,oblac/jodd,SymbolTable.addConstantMemberReference,499,0.918664813041687
cara,70B,java,orientechnologies/orientdb,OBinarySerializerFactory.getObjectSerializer,500,-0.7803919911384583
cara,70B,java,orientechnologies/orientdb,OBinarySerializerFactory.getObjectSerializer,501,0.9477566480636597
cara,70B,java,orientechnologies/orientdb,ODatabaseImport.processBrokenRids,502,0.8344401121139526
cara,70B,java,orientechnologies/orientdb,OCommandExecutorSQLCreateIndex.execute,503,-0.8671905994415283
cara,70B,java,orientechnologies/orientdb,OCommandExecutorSQLInsert.execute,504,-0.6675728559494019
cara,70B,java,orientechnologies/orientdb,OClientConnectionManager.connect,505,0.964405357837677
cara,70B,java,orientechnologies/orientdb,OClientConnectionManager.connect,506,-0.10960693657398224
cara,70B,java,orientechnologies/orientdb,OClientConnectionManager.getConnection,507,-0.13276635110378265
cara,70B,java,orientechnologies/orientdb,OClientConnectionManager.kill,508,-0.08311855792999268
cara,70B,java,orientechnologies/orientdb,OClientConnectionManager.interrupt,509,0.8754414916038513
cara,70B,java,orientechnologies/orientdb,OClientConnectionManager.disconnect,510,0.9167639017105103
cara,70B,java,orientechnologies/orientdb,OClientConnectionManager.pushDistribCfg2Clients,511,0.7905550003051758
cara,70B,java,orientechnologies/orientdb,FrequencySketch.reset,512,0.9659426808357239
cara,70B,java,orientechnologies/orientdb,FrequencySketch.indexOf,513,0.94185471534729
cara,70B,java,orientechnologies/orientdb,FrequencySketch.spread,514,0.89821457862854
cara,70B,java,orientechnologies/orientdb,StripedBuffer.advanceProbe,515,-0.06954770535230637
cara,70B,java,orientechnologies/orientdb,Orient.initShutdownQueue,516,-0.24066217243671417
cara,70B,java,orientechnologies/orientdb,Orient.getEngine,517,0.9366927742958069
cara,70B,java,orientechnologies/orientdb,OClusterBasedStorageConfiguration.toStream,518,0.896950900554657
cara,70B,java,orientechnologies/orientdb,OHttpResponse.compress,519,-0.2888733446598053
cara,70B,java,orientechnologies/orientdb,OStorageRemote.command,520,0.973217785358429
cara,70B,java,orientechnologies/orientdb,OStorageRemote.endRequest,521,0.9802368879318237
cara,70B,java,orientechnologies/orientdb,OStorageRemote.addHost,522,-0.11101875454187393
cara,70B,java,orientechnologies/orientdb,OStorageRemote.beginRequest,523,0.9836184978485107
cara,70B,java,orientechnologies/orientdb,OStorageConfigurationImpl.load,524,0.9752629995346069
cara,70B,java,orientechnologies/orientdb,OStorageConfigurationImpl.toStream,525,0.9066887497901917
cara,70B,java,orientechnologies/orientdb,OSBTreeBucketSingleValue.getValue,526,0.9408986568450928
cara,70B,java,orientechnologies/orientdb,Bucket.getValues,527,0.8018199801445007
cara,70B,java,orientechnologies/orientdb,Bucket.getValues,528,0.8154221177101135
cara,70B,java,orientechnologies/orientdb,OIndexFullText.put,529,-0.018086740747094154
cara,70B,java,orientechnologies/orientdb,OIndexFullText.remove,530,0.9779906272888184
cara,70B,java,orientechnologies/orientdb,OIndexManagerShared.createIndex,531,-0.41204920411109924
cara,70B,java,orientechnologies/orientdb,OIndexManagerShared.toStream,532,-0.47448787093162537
cara,70B,java,orientechnologies/orientdb,ODatabaseDocumentAbstract.delete,533,0.9902199506759644
cara,70B,java,orientechnologies/orientdb,ODatabaseDocumentAbstract.callbackHooks,534,-0.3583633303642273
cara,70B,java,orientechnologies/orientdb,ODatabaseDocumentAbstract.delete,535,0.8951743841171265
cara,70B,java,orientechnologies/orientdb,ODatabaseDocumentAbstract.executeHideRecord,536,0.8859942555427551
cara,70B,java,orientechnologies/orientdb,ODatabaseDocumentAbstract.countView,537,0.9582393169403076
cara,70B,java,orientechnologies/orientdb,ODatabaseDocumentAbstract.countClass,538,0.9427528977394104
cara,70B,java,orientechnologies/orientdb,ODatabaseDocumentAbstract.activateOnCurrentThread,539,0.8500145673751831
cara,70B,java,orientechnologies/orientdb,OSecurityShared.authenticate,540,-0.050083138048648834
cara,70B,java,orientechnologies/orientdb,OSecurityShared.createMetadata,541,-0.7523183822631836
cara,70B,java,orientechnologies/orientdb,OFileClassic.create,542,-0.6003972887992859
cara,70B,java,orientechnologies/orientdb,OFileClassic.checkRegions,543,0.8778747916221619
cara,70B,java,orientechnologies/orientdb,OFileClassic.replaceContentWith,544,0.9350699186325073
cara,70B,java,orientechnologies/orientdb,ONodeManager.initReceiveMessages,545,0.9561444520950317
cara,70B,java,orientechnologies/orientdb,ONodeManager.initDiscoveryPing,546,0.9327821731567383
cara,70B,java,orientechnologies/orientdb,ONodeManager.initCheckDisconnect,547,0.8200833797454834
cara,70B,java,orientechnologies/orientdb,ONodeManager.initCheckLeader,548,0.894821047782898
cara,70B,java,orientechnologies/orientdb,ODistributedAbstractPlugin.executeOnLocalNode,549,-0.731660008430481
cara,70B,java,orientechnologies/orientdb,ODistributedAbstractPlugin.getNodesWithStatus,550,0.8461443185806274
cara,70B,java,orientechnologies/orientdb,ODistributedAbstractPlugin.installDatabaseFromNetwork,551,0.9898741245269775
cara,70B,java,orientechnologies/orientdb,OConflictResolverDatabaseRepairer.cancelRepairRecord,552,0.985429048538208
cara,70B,java,orientechnologies/orientdb,OConflictResolverDatabaseRepairer.enqueueRepairCluster,553,-0.3815646767616272
cara,70B,java,orientechnologies/orientdb,ODistributedDatabaseImpl.processRequest,554,-0.5046393275260925
cara,70B,java,orientechnologies/orientdb,OAbstract2pcTask.getPartitionKey,555,0.8425593376159668
cara,70B,java,orientechnologies/orientdb,OSequenceCached.nextWithNewCurrentValue,556,-0.1435556411743164
cara,70B,java,orientechnologies/orientdb,ScalableRWLock.addState,557,0.9067082405090332
cara,70B,java,orientechnologies/orientdb,OPrefixBTreeBucket.getValue,558,0.8905941843986511
cara,70B,java,orientechnologies/orientdb,OEmbeddedRidBag.swap,559,0.8749074935913086
cara,70B,java,orientechnologies/orientdb,ODatabaseDocumentRemote.executeReadRecord,560,-0.5464128255844116
cara,70B,java,orientechnologies/orientdb,OJson.toObjectDetermineType,561,-0.07250836491584778
cara,70B,java,orientechnologies/orientdb,JPAHandler.characters,562,0.771666407585144
cara,70B,java,orientechnologies/orientdb,OScriptExecutionPlan.executeFull,563,-0.45341309905052185
cara,70B,java,orientechnologies/orientdb,OObjectProxyMethodHandler.detach,564,0.8989548683166504
cara,70B,java,orientechnologies/orientdb,OObjectProxyMethodHandler.attach,565,0.891658365726471
cara,70B,java,orientechnologies/orientdb,ONative.getOpenFilesLimit,566,0.960736870765686
cara,70B,java,orientechnologies/orientdb,SpatialQueryBuilderOverlap.build,567,0.7309069633483887
cara,70B,java,orientechnologies/orientdb,OLuceneSpatialOperator.evaluateRecord,568,0.8989170789718628
cara,70B,java,orientechnologies/orientdb,OSelectExecutionPlanner.findPrefixes,569,0.9826393127441406
cara,70B,java,orientechnologies/orientdb,ORecordSerializerBinaryV1.getFieldSizeAndTypeFromCurrentPosition,570,0.959959089756012
cara,70B,java,orientechnologies/orientdb,OSelectExecutionPlanner.requiresMultipleIndexLookups,571,0.21522994339466095
cara,70B,java,orientechnologies/orientdb,ORecordSerializerBinaryV0.getPositionsFromEmbeddedCollection,572,0.9511042833328247
cara,70B,java,orientechnologies/orientdb,OAtomicOperation.checkChangesFilledUpTo,573,0.9208380579948425
cara,70B,java,orientechnologies/orientdb,OExecutionPlanCache.get,574,-0.6925085186958313
cara,70B,java,orientechnologies/orientdb,ODatabaseDocumentEmbedded.executeDeleteRecord,575,0.18317370116710663
cara,70B,java,orientechnologies/orientdb,OPropertyEmbedded.setTypeInternal,576,0.24474045634269714
cara,70B,java,orientechnologies/orientdb,OHazelcastPlugin.initSystemDatabase,577,0.9826199412345886
cara,70B,java,orientechnologies/orientdb,OReadersWriterSpinLock.tryAcquireReadLock,578,0.23804034292697906
cara,70B,java,orientechnologies/orientdb,OAbstractPaginatedStorage.handleJVMError,579,0.9671868085861206
cara,70B,java,orientechnologies/orientdb,OETLContext.printExceptionStackTrace,580,0.9845744371414185
cara,70B,java,orientechnologies/orientdb,OFileManager.buildJsonFromFile,581,0.9876401424407959
cara,70B,java,orientechnologies/orientdb,ODistributedResponseManagerImpl.collectResponse,582,-0.3656388521194458
cara,70B,java,orientechnologies/orientdb,ODistributedResponseManagerImpl.waitForSynchronousResponses,583,-0.026436179876327515
cara,70B,java,orientechnologies/orientdb,ODistributedResponseManagerImpl.getMissingNodes,584,-0.2713327407836914
cara,70B,java,orientechnologies/orientdb,ODistributedResponseManagerImpl.getConflictResponses,585,0.7777618169784546
cara,70B,java,orientechnologies/orientdb,ODistributedResponseManagerImpl.getBestResponsesGroup,586,0.8718204498291016
cara,70B,java,orientechnologies/orientdb,ODistributedResponseManagerImpl.computeQuorumResponse,587,0.9084236025810242
cara,70B,java,orientechnologies/orientdb,ODistributedResponseManagerImpl.getReceivedResponses,588,-0.416602224111557
cara,70B,java,orientechnologies/orientdb,OETLJob.status,589,0.04584074020385742
cara,70B,java,orientechnologies/orientdb,OETLHandler.executeImport,590,0.610095739364624
cara,70B,java,orientechnologies/orientdb,OETLHandler.status,591,-0.22356261312961578
cara,70B,java,orientechnologies/orientdb,OWALSegmentCache.truncate,592,0.99518221616745
cara,70B,java,orientechnologies/orientdb,ODirtyManager.mergeSet,593,-0.34419116377830505
cara,70B,java,orientechnologies/orientdb,OAbstractPaginatedStorage.preallocateRids,594,0.8604925870895386
cara,70B,java,orientechnologies/orientdb,OFileUtils.atomicMoveWithFallback,595,0.13185326755046844
cara,70B,java,orientechnologies/orientdb,OFileUtils.prepareForFileCreationOrReplacement,596,0.9222800731658936
cara,70B,java,orientechnologies/orientdb,OMicroTransaction.commit,597,-0.02916809171438217
cara,70B,java,orientechnologies/orientdb,OMicroTransaction.rollback,598,0.18924106657505035
cara,70B,java,orientechnologies/orientdb,OMicroTransaction.updateIdentityAfterRecordCommit,599,0.8652727007865906
cara,70B,java,real-logic/aeron,ClusterMember.determineMember,600,-0.1262604296207428
cara,70B,java,real-logic/aeron,SamplesUtil.mapCounters,601,0.7288615107536316
cara,70B,java,real-logic/aeron,BacklogStat.snapshot,602,-0.35737308859825134
cara,70B,java,real-logic/aeron,CommonContext.requestDriverTermination,603,0.8920599222183228
cara,70B,java,real-logic/aeron,TerminateDriverFlyweight.tokenBuffer,604,0.7418869733810425
cara,70B,java,real-logic/aeron,RecordingLog.findLastTerm,605,0.8515368700027466
cara,70B,java,real-logic/aeron,SamplesUtil.mapExistingFileReadOnly,606,-0.29245665669441223
cara,70B,java,real-logic/aeron,HeaderFlyweight.flagsToChars,607,0.9223741292953491
cara,70B,java,real-logic/aeron,Configuration.validateUnblockTimeout,608,0.3846936523914337
cara,70B,java,real-logic/aeron,ReplayMerge.close,609,0.28242701292037964
cara,70B,java,real-logic/aeron,ReplayMerge.doWork,610,0.2704330086708069
cara,70B,java,real-logic/aeron,Configuration.validateSessionIdRange,611,0.9588073492050171
cara,70B,java,real-logic/aeron,RecordingSubscriptionDescriptorPoller.reset,612,0.34794458746910095
cara,70B,java,real-logic/aeron,ArchiveProxy.listRecordingSubscriptions,613,-0.2183033525943756
cara,70B,java,real-logic/aeron,ClusterMember.hasActiveQuorum,614,0.949901282787323
cara,70B,java,real-logic/aeron,ConcurrentPublication.offer,615,0.6543682217597961
cara,70B,java,real-logic/aeron,Publication.offer,616,0.7723665237426758
cara,70B,java,real-logic/aeron,ExclusivePublication.offer,617,0.5880936980247498
cara,70B,java,real-logic/aeron,ExclusiveTermAppender.appendUnfragmentedMessage,618,0.9239994287490845
cara,70B,java,real-logic/aeron,ArchiveProxy.truncateRecording,619,0.9364540576934814
cara,70B,java,real-logic/aeron,ArchiveProxy.getStopPosition,620,0.8763947486877441
cara,70B,java,real-logic/aeron,AeronArchive.getStopPosition,621,0.8826560378074646
cara,70B,java,real-logic/aeron,RecordingLog.createRecoveryPlan,622,-0.6267050504684448
cara,70B,java,real-logic/aeron,ClusterMember.validateMemberEndpoints,623,0.9632858037948608
cara,70B,java,real-logic/aeron,ClusterMember.areSameEndpoints,624,0.3422303795814514
cara,70B,java,real-logic/aeron,ClusterMember.encodeAsString,625,0.9342713952064514
cara,70B,java,real-logic/aeron,ClusterMember.isNotDuplicateEndpoints,626,0.9135709404945374
cara,70B,java,real-logic/aeron,ClusterMember.findMemberIndex,627,0.9629747867584229
cara,70B,java,real-logic/aeron,ClusterMember.removeMember,628,0.9610385894775391
cara,70B,java,real-logic/aeron,ClusterMember.highMemberId,629,0.8314250707626343
cara,70B,java,real-logic/aeron,AeronCluster.offer,630,0.6675147414207458
cara,70B,java,real-logic/aeron,ChannelUri.initialPosition,631,0.2455095648765564
cara,70B,java,real-logic/aeron,ClusterMember.compareLog,632,0.8245298266410828
cara,70B,java,real-logic/aeron,ClusterMember.compareLog,633,0.45900964736938477
cara,70B,java,real-logic/aeron,ChannelUriStringBuilder.initialPosition,634,0.2838793396949768
cara,70B,java,real-logic/aeron,ChannelUri.channelTag,635,0.7468498349189758
cara,70B,java,real-logic/aeron,ChannelUri.entityTag,636,0.7744788527488708
cara,70B,java,real-logic/aeron,ChannelUri.getTag,637,0.4909322261810303
cara,70B,java,real-logic/aeron,RecoveryState.getSnapshotRecordingId,638,0.9397157430648804
cara,70B,java,real-logic/aeron,UdpChannel.matchesTag,639,0.8047352433204651
cara,70B,java,real-logic/aeron,PublicationImage.addDestination,640,0.9408732652664185
cara,70B,java,real-logic/aeron,StreamStat.snapshot,641,-0.29237985610961914
cara,70B,java,real-logic/aeron,HeartbeatStatus.allocate,642,0.906440794467926
cara,70B,java,real-logic/aeron,ClusterMember.reset,643,0.5422978401184082
cara,70B,java,real-logic/aeron,ClusterMember.isQuorumCandidate,644,0.9761047959327698
cara,70B,java,real-logic/aeron,ClusterMember.isUnanimousCandidate,645,0.9291471242904663
cara,70B,java,real-logic/aeron,ArchiveProxy.tryConnect,646,0.785900354385376
cara,70B,java,real-logic/aeron,ArchiveProxy.findLastMatchingRecording,647,0.04964308440685272
cara,70B,java,real-logic/aeron,AeronArchive.truncateRecording,648,0.969234824180603
cara,70B,java,real-logic/aeron,ArchiveProxy.getRecordingPosition,649,0.9546990394592285
cara,70B,java,real-logic/aeron,AeronArchive.findLastMatchingRecording,650,-0.02490406110882759
cara,70B,java,real-logic/aeron,ServiceHeartbeat.allocate,651,0.8575963377952576
cara,70B,java,real-logic/aeron,ServiceHeartbeat.findCounterId,652,0.8684787750244141
cara,70B,java,real-logic/aeron,ClusterMember.hasWonVoteOnFullCount,653,0.9628403782844543
cara,70B,java,real-logic/aeron,ClusterMember.hasMajorityVote,654,0.9556759595870972
cara,70B,java,real-logic/aeron,ClusterMember.addMemberStatusPublications,655,0.9253830909729004
cara,70B,java,real-logic/aeron,ClusterMember.closeMemberPublications,656,0.9809873104095459
cara,70B,java,real-logic/aeron,ClusterMember.resetLogPositions,657,0.9534399509429932
cara,70B,java,real-logic/aeron,ClusterMember.haveVotersReachedPosition,658,0.9219298362731934
cara,70B,java,real-logic/aeron,ChannelUriStringBuilder.linger,659,0.5686919093132019
cara,70B,java,real-logic/aeron,RecordingLog.tombstoneEntry,660,0.7078667879104614
cara,70B,java,real-logic/aeron,ClusterMember.quorumPosition,661,0.7450523972511292
cara,70B,java,real-logic/aeron,ArchiveProxy.extendRecording,662,0.8378915786743164
cara,70B,java,real-logic/aeron,ChannelUri.addSessionId,663,0.9284048080444336
cara,70B,java,real-logic/aeron,ClusterNodeRole.findCounterId,664,0.9318451285362244
cara,70B,java,real-logic/aeron,RecordingPos.isActive,665,0.9598352313041687
cara,70B,java,real-logic/aeron,RecordingLog.createRecoveryPlan,666,-0.697546660900116
cara,70B,java,real-logic/aeron,RecoveryState.hasReplay,667,0.9897449016571045
cara,70B,java,real-logic/aeron,RecordingLog.reload,668,0.8732121586799622
cara,70B,java,real-logic/aeron,RecoveryState.allocate,669,0.09837093949317932
cara,70B,java,real-logic/aeron,ClusteredServiceContainer.main,670,0.8200356960296631
cara,70B,java,real-logic/aeron,RecordingPos.findCounterIdByRecording,671,0.8526278734207153
cara,70B,java,real-logic/aeron,RecordingPos.findCounterIdBySession,672,0.8976570963859558
cara,70B,java,real-logic/aeron,ArchiveProxy.listRecording,673,0.6964686512947083
cara,70B,java,real-logic/aeron,ClusterControl.findControlToggle,674,0.8192019462585449
cara,70B,java,real-logic/aeron,RecordingLog.appendTerm,675,-0.043826874345541
cara,70B,java,real-logic/aeron,RecordingLog.appendSnapshot,676,-0.05672873184084892
cara,70B,java,real-logic/aeron,RecordingLog.commitLogPosition,677,0.9015339612960815
cara,70B,java,real-logic/aeron,RecordingPos.getRecordingId,678,0.9562521576881409
cara,70B,java,real-logic/aeron,ArchiveProxy.stopReplay,679,0.9657942652702332
cara,70B,java,real-logic/aeron,AeronArchive.stopReplay,680,0.9764873385429382
cara,70B,java,real-logic/aeron,RecordingDescriptorPoller.reset,681,0.3747367858886719
cara,70B,java,real-logic/aeron,ClientSession.offer,682,0.093523770570755
cara,70B,java,real-logic/aeron,CounterMessageFlyweight.keyBuffer,683,0.4093322157859802
cara,70B,java,real-logic/aeron,CounterMessageFlyweight.labelBuffer,684,0.39306461811065674
cara,70B,java,real-logic/aeron,ConcurrentPublication.offer,685,0.10297010838985443
cara,70B,java,real-logic/aeron,AeronCluster.close,686,0.31379684805870056
cara,70B,java,real-logic/aeron,StatusUtil.sendChannelStatus,687,0.7011260986328125
cara,70B,java,real-logic/aeron,StatusUtil.receiveChannelStatus,688,0.7726121544837952
cara,70B,java,real-logic/aeron,LogBufferDescriptor.checkPageSize,689,0.8521941900253296
cara,70B,java,real-logic/aeron,Configuration.validatePageSize,690,0.9460962414741516
cara,70B,java,real-logic/aeron,LogBufferDescriptor.casRawTail,691,0.6151052713394165
cara,70B,java,real-logic/aeron,ExclusivePublication.offer,692,0.47959765791893005
cara,70B,java,real-logic/aeron,ExclusiveTermAppender.appendFragmentedMessage,693,0.20114769041538239
cara,70B,java,real-logic/aeron,DirectBufferVector.validateAndComputeLength,694,0.43141093850135803
cara,70B,java,real-logic/aeron,DirectBufferVector.reset,695,0.955482542514801
cara,70B,java,real-logic/aeron,ClusteredMediaDriver.main,696,0.8426856994628906
cara,70B,java,real-logic/aeron,DirectBufferVector.validate,697,0.9486982822418213
cara,70B,java,real-logic/aeron,UdpChannel.description,698,-0.3381201922893524
cara,70B,java,real-logic/aeron,Configuration.validateSocketBufferLengths,699,0.8951401710510254
cara,70B,java,spring-projects/spring-security,CurrentSecurityContextArgumentResolver.resolveArgument,700,0.805343747138977
cara,70B,java,spring-projects/spring-security,CurrentSecurityContextArgumentResolver.isInvalidType,701,0.3613668382167816
cara,70B,java,spring-projects/spring-security,DefaultOAuth2AuthorizationRequestResolver.addPkceParameters,702,-0.18474383652210236
cara,70B,java,spring-projects/spring-security,JwtGrantedAuthoritiesConverter.convert,703,-0.08248438686132431
cara,70B,java,spring-projects/spring-security,NimbusJwtDecoder.decode,704,0.024188054725527763
cara,70B,java,spring-projects/spring-security,HttpSecurity.oauth2Client,705,0.9603505730628967
cara,70B,java,spring-projects/spring-security,ActiveDirectoryLdapAuthenticationProvider.setContextEnvironmentProperties,706,-0.3206818401813507
cara,70B,java,spring-projects/spring-security,AbstractAuthenticationFilterConfigurer.updateAccessDefaults,707,0.12533274292945862
cara,70B,java,spring-projects/spring-security,ReactiveRemoteJWKSource.getJWKSet,708,-0.2058866024017334
cara,70B,java,spring-projects/spring-security,AbstractAuthenticationTargetUrlRequestHandler.determineTargetUrl,709,0.17407554388046265
cara,70B,java,spring-projects/spring-security,SpringSecurityCoreVersion.getSpringVersion,710,-0.47364845871925354
cara,70B,java,spring-projects/spring-security,HttpSecurity.oauth2ResourceServer,711,0.9533871412277222
cara,70B,java,spring-projects/spring-security,OAuth2ClientConfigurer.clientRegistrationRepository,712,0.9484320282936096
cara,70B,java,spring-projects/spring-security,LdapShaPasswordEncoder.extractPrefix,713,0.08331696689128876
cara,70B,java,spring-projects/spring-security,MessageDigestPasswordEncoder.encode,714,0.9672124981880188
cara,70B,java,spring-projects/spring-security,MessageDigestPasswordEncoder.matches,715,0.9594262838363647
cara,70B,java,spring-projects/spring-security,DefaultLoginPageGeneratingFilter.setResolveHiddenInputs,716,0.7585065364837646
cara,70B,java,spring-projects/spring-security,ImplicitGrantConfigurer.clientRegistrationRepository,717,-0.10968691855669022
cara,70B,java,spring-projects/spring-security,UserDetailsResourceFactoryBean.fromString,718,0.9445598721504211
cara,70B,java,spring-projects/spring-security,AclClassIdUtils.identifierFrom,719,-0.21766190230846405
cara,70B,java,spring-projects/spring-security,Base64.getDecodabet,720,-0.005882106721401215
cara,70B,java,spring-projects/spring-security,SecurityJackson2Modules.createWhitelistedDefaultTyping,721,-0.37352609634399414
cara,70B,java,spring-projects/spring-security,ServerWebExchangeMatchers.pathMatchers,722,0.44026705622673035
cara,70B,java,spring-projects/spring-security,ServerWebExchangeMatchers.anyExchange,723,0.7696819305419922
cara,70B,java,spring-projects/spring-security,OAuth2LoginConfigurer.clientRegistrationRepository,724,0.9581382870674133
cara,70B,java,spring-projects/spring-security,WebSecurityConfigurerAdapter.createSharedObjects,725,-0.6576752066612244
cara,70B,java,spring-projects/spring-security,Pbkdf2PasswordEncoder.matches,726,0.9022842049598694
cara,70B,java,spring-projects/spring-security,LazyCsrfTokenRepository.generateToken,727,0.9037328958511353
cara,70B,java,spring-projects/spring-security,AbstractPreAuthenticatedProcessingFilter.principalChanged,728,0.2874225676059723
cara,70B,java,spring-projects/spring-security,MethodSecurityMetadataSourceAdvisorRegistrar.registerBeanDefinitions,729,-0.44632869958877563
cara,70B,java,spring-projects/spring-security,OnCommittedResponseWrapper.checkContentLength,730,0.588800311088562
cara,70B,java,spring-projects/spring-security,Encryptors.queryableText,731,-0.3717983663082123
cara,70B,java,spring-projects/spring-security,CipherUtils.newSecretKey,732,0.9621188044548035
cara,70B,java,spring-projects/spring-security,CipherUtils.newCipher,733,0.9779002070426941
cara,70B,java,spring-projects/spring-security,CipherUtils.getParameterSpec,734,-0.05708835646510124
cara,70B,java,spring-projects/spring-security,CipherUtils.initCipher,735,-0.5792683959007263
cara,70B,java,spring-projects/spring-security,CipherUtils.initCipher,736,-0.662469744682312
cara,70B,java,spring-projects/spring-security,EncodingUtils.concatenate,737,0.837424099445343
cara,70B,java,spring-projects/spring-security,EncodingUtils.subArray,738,0.2568502426147461
cara,70B,java,spring-projects/spring-security,Utf8.decode,739,0.97190260887146
cara,70B,java,spring-projects/spring-security,FilterChainProxy.getFilters,740,0.8364823460578918
cara,70B,java,spring-projects/spring-security,FilterChainProxy.getFilters,741,-0.5409752130508423
cara,70B,java,spring-projects/spring-security,XFrameOptionsHeaderWriter.writeHeaders,742,0.8650723695755005
cara,70B,java,spring-projects/spring-security,AbstractSecurityWebApplicationInitializer.insertSpringSecurityFilterChain,743,0.9596480131149292
cara,70B,java,spring-projects/spring-security,FastHttpDateFormat.getCurrentDate,744,0.48190805315971375
cara,70B,java,spring-projects/spring-security,FastHttpDateFormat.internalParseDate,745,0.3589390218257904
cara,70B,java,spring-projects/spring-security,FastHttpDateFormat.updateCache,746,0.17406049370765686
cara,70B,java,spring-projects/spring-security,HttpSessionRequestCache.saveRequest,747,0.9771329760551453
cara,70B,java,spring-projects/spring-security,DefaultSavedRequest.getRedirectUrl,748,0.1988203227519989
cara,70B,java,spring-projects/spring-security,UrlUtils.buildRequestUrl,749,0.02225612848997116
cara,70B,java,spring-projects/spring-security,UrlUtils.isAbsoluteUrl,750,0.33349668979644775
cara,70B,java,spring-projects/spring-security,ThrowableAnalyzer.getRegisteredTypes,751,0.8183550238609314
cara,70B,java,spring-projects/spring-security,ThrowableAnalyzer.extractCause,752,-0.44563063979148865
cara,70B,java,spring-projects/spring-security,RegexRequestMatcher.valueOf,753,-0.17793789505958557
cara,70B,java,spring-projects/spring-security,SimpleUrlAuthenticationFailureHandler.setDefaultFailureUrl,754,0.3841920793056488
cara,70B,java,spring-projects/spring-security,Http403ForbiddenEntryPoint.commence,755,0.5336874127388
cara,70B,java,spring-projects/spring-security,LoginUrlAuthenticationEntryPoint.buildHttpsRedirectUrlForRequest,756,-0.16621066629886627
cara,70B,java,spring-projects/spring-security,SimpleUrlAuthenticationSuccessHandler.clearAuthenticationAttributes,757,0.9335534572601318
cara,70B,java,spring-projects/spring-security,UsernamePasswordAuthenticationFilter.setDetails,758,0.9148834943771362
cara,70B,java,spring-projects/spring-security,AbstractAuthenticationTargetUrlRequestHandler.determineTargetUrl,759,0.11241818219423294
cara,70B,java,spring-projects/spring-security,AbstractAuthenticationTargetUrlRequestHandler.setTargetUrlParameter,760,0.4709073007106781
cara,70B,java,spring-projects/spring-security,PersistentTokenBasedRememberMeServices.processAutoLoginCookie,761,-0.2746430039405823
cara,70B,java,spring-projects/spring-security,PersistentTokenBasedRememberMeServices.onLoginSuccess,762,0.953545093536377
cara,70B,java,spring-projects/spring-security,AbstractRememberMeServices.extractRememberMeCookie,763,0.23978540301322937
cara,70B,java,spring-projects/spring-security,AbstractRememberMeServices.encodeCookie,764,0.14382146298885345
cara,70B,java,spring-projects/spring-security,AbstractRememberMeServices.setCookie,765,0.9458335638046265
cara,70B,java,spring-projects/spring-security,AbstractPreAuthenticatedProcessingFilter.afterPropertiesSet,766,0.8337263464927673
cara,70B,java,spring-projects/spring-security,AbstractPreAuthenticatedProcessingFilter.doFilter,767,-0.38999974727630615
cara,70B,java,spring-projects/spring-security,AbstractPreAuthenticatedProcessingFilter.doAuthenticate,768,0.9810612797737122
cara,70B,java,spring-projects/spring-security,J2eePreAuthenticatedProcessingFilter.getPreAuthenticatedPrincipal,769,0.18758167326450348
cara,70B,java,spring-projects/spring-security,WebSpherePreAuthenticatedWebAuthenticationDetailsSource.getWebSphereGroupsBasedGrantedAuthorities,770,0.14459776878356934
cara,70B,java,spring-projects/spring-security,WebSpherePreAuthenticatedProcessingFilter.getPreAuthenticatedPrincipal,771,0.9675145149230957
cara,70B,java,spring-projects/spring-security,DefaultWASUsernameAndGroupsExtractor.getSecurityName,772,0.10470233857631683
cara,70B,java,spring-projects/spring-security,DefaultWASUsernameAndGroupsExtractor.getWebSphereGroups,773,0.9643625020980835
cara,70B,java,spring-projects/spring-security,ConcurrentSessionControlAuthenticationStrategy.onAuthentication,774,0.558207094669342
cara,70B,java,spring-projects/spring-security,ConcurrentSessionControlAuthenticationStrategy.allowableSessionsExceeded,775,0.8441253900527954
cara,70B,java,spring-projects/spring-security,RegisterSessionAuthenticationStrategy.onAuthentication,776,0.9120324850082397
cara,70B,java,spring-projects/spring-security,BasicAuthenticationFilter.extractAndDecodeHeader,777,-0.0389704555273056
cara,70B,java,spring-projects/spring-security,SwitchUserFilter.attemptSwitchUser,778,-0.15003658831119537
cara,70B,java,spring-projects/spring-security,SwitchUserFilter.attemptExitUser,779,-0.2480466365814209
cara,70B,java,spring-projects/spring-security,SwitchUserFilter.setExitUserUrl,780,0.42823827266693115
cara,70B,java,spring-projects/spring-security,DataSourcePopulator.createSampleData,781,-0.6633859276771545
cara,70B,java,spring-projects/spring-security,DocumentDaoImpl.getDirectoryWithImmediateParentPopulated,782,-0.3528136909008026
cara,70B,java,spring-projects/spring-security,AdminPermissionController.displayAdminPage,783,-0.09667406976222992
cara,70B,java,spring-projects/spring-security,AdminPermissionController.displayAddPermissionPageForContact,784,0.07608012855052948
cara,70B,java,spring-projects/spring-security,AdminPermissionController.addPermission,785,-0.01597234606742859
cara,70B,java,spring-projects/spring-security,AdminPermissionController.deletePermission,786,0.42286545038223267
cara,70B,java,spring-projects/spring-security,AddDeleteContactController.addContact,787,0.11668916046619415
cara,70B,java,spring-projects/spring-security,ContactManagerBackend.getRandomContact,788,0.9839694499969482
cara,70B,java,spring-projects/spring-security,SpringSecurityCoreVersion.disableChecks,789,0.7775334119796753
cara,70B,java,spring-projects/spring-security,AnnotationParameterNameDiscoverer.lookupParameterNames,790,0.9832742214202881
cara,70B,java,spring-projects/spring-security,AuthorityUtils.authorityListToSet,791,0.7779850959777832
cara,70B,java,spring-projects/spring-security,SimpleAttributes2GrantedAuthoritiesMapper.getGrantedAuthorities,792,0.8960541486740112
cara,70B,java,spring-projects/spring-security,MapBasedAttributes2GrantedAuthoritiesMapper.getGrantedAuthorities,793,0.9150274395942688
cara,70B,java,spring-projects/spring-security,MapBasedAttributes2GrantedAuthoritiesMapper.preProcessMap,794,0.9410731792449951
cara,70B,java,spring-projects/spring-security,MapBasedAttributes2GrantedAuthoritiesMapper.getGrantedAuthorityCollection,795,0.9622336626052856
cara,70B,java,spring-projects/spring-security,MapBasedAttributes2GrantedAuthoritiesMapper.addGrantedAuthorityCollection,796,-0.010598622262477875
cara,70B,java,spring-projects/spring-security,FieldUtils.getField,797,-0.007390603423118591
cara,70B,java,spring-projects/spring-security,MapBasedMethodSecurityMetadataSource.findAttributes,798,-0.4552331864833832
cara,70B,java,spring-projects/spring-security,MapBasedMethodSecurityMetadataSource.addSecureMethod,799,0.9677866101264954
cara,70B,java,wildfly/wildfly,WeldDeploymentMarker.mark,900,0.7652817964553833
cara,70B,java,wildfly/wildfly,JaxrsMethodParameterProcessor.validateDefaultValues,901,0.9286379814147949
cara,70B,java,wildfly/wildfly,JaxrsMethodParameterProcessor.getParamConverters,902,0.9322012662887573
cara,70B,java,wildfly/wildfly,JaxrsMethodParameterProcessor.getResouceClasses,903,0.967932403087616
cara,70B,java,wildfly/wildfly,JaxrsMethodParameterProcessor.checkParamType,904,0.9826489686965942
cara,70B,java,wildfly/wildfly,JaxrsMethodParameterProcessor.lookupDefaultValueAnn,905,0.23361410200595856
cara,70B,java,wildfly/wildfly,JaxrsMethodParameterProcessor.validateBaseType,906,0.16869083046913147
cara,70B,java,wildfly/wildfly,ExternalPooledConnectionFactoryDefinition.define,907,-0.44345659017562866
cara,70B,java,wildfly/wildfly,MetricsTransformers.rejectDefinedAttributeWithDefaultValue,908,0.9805153608322144
cara,70B,java,wildfly/wildfly,MetricCollector.collectResourceMetrics,909,-0.23968487977981567
cara,70B,java,wildfly/wildfly,MessagingServices.getCapabilityServiceName,910,0.9022272825241089
cara,70B,java,wildfly/wildfly,TransportConfigOperationHandlers.getExtraParameters,911,0.5794651508331299
cara,70B,java,wildfly/wildfly,JMSConnectionFactoryDefinitionInjectionSource.targetsExternalPooledConnectionFactory,912,0.9670019149780273
cara,70B,java,wildfly/wildfly,UndertowSubsystemParser_8_0.listenerBuilder,913,-0.5170449018478394
cara,70B,java,wildfly/wildfly,JMSServerControlHandler.inferDestinationName,914,0.8895955681800842
cara,70B,java,wildfly/wildfly,CDIExtension.observeResources,915,0.8335316181182861
cara,70B,java,wildfly/wildfly,CDIExtension.close,916,0.810824990272522
cara,70B,java,wildfly/wildfly,CalendarTimer.handleRestorationCalculation,917,0.8533244132995605
cara,70B,java,wildfly/wildfly,HibernatePersistenceProviderAdaptor.doesScopedPersistenceUnitNameIdentifyCacheRegionName,918,0.9555498957633972
cara,70B,java,wildfly/wildfly,XTSSubsystemParser.processAttributes,919,0.9565041065216064
cara,70B,java,wildfly/wildfly,ApplicableMethodInformation.isMethodLevel,920,0.9469555616378784
cara,70B,java,wildfly/wildfly,TransactedJMSContext.registerCleanUpListener,921,0.9495961666107178
cara,70B,java,wildfly/wildfly,DatabaseTimerPersistence.stringAsSchedulerDate,922,0.32106974720954895
cara,70B,java,wildfly/wildfly,WebTransformers.registerTransformers_2_x_0,923,-0.29811209440231323
cara,70B,java,wildfly/wildfly,AuditNotificationReceiver.deriveUsefulInfo,924,-0.5489897727966309
cara,70B,java,wildfly/wildfly,JdrZipFile.addAsString,925,0.776126503944397
cara,70B,java,wildfly/wildfly,EJBSuspendHandlerService.start,926,0.949465274810791
cara,70B,java,wildfly/wildfly,EJBSuspendHandlerService.stop,927,0.9392449259757996
cara,70B,java,wildfly/wildfly,EJBSuspendHandlerService.suspended,928,0.3484302759170532
cara,70B,java,wildfly/wildfly,EJBSuspendHandlerService.resume,929,-0.032372571527957916
cara,70B,java,wildfly/wildfly,EJBSuspendHandlerService.invocationComplete,930,-0.09222793579101562
cara,70B,java,wildfly/wildfly,EJBSuspendHandlerService.transactionCreated,931,-0.42527350783348083
cara,70B,java,wildfly/wildfly,AbstractProtocolResourceDefinition.addTransformations,932,0.8779614567756653
cara,70B,java,wildfly/wildfly,CancellationFlag.cancel,933,0.2984582781791687
cara,70B,java,wildfly/wildfly,CancellationFlag.runIfNotCancelled,934,0.4140617549419403
cara,70B,java,wildfly/wildfly,ElytronCallbackHandler.authenticate,935,0.9671729803085327
cara,70B,java,wildfly/wildfly,ElytronCallbackHandler.addPrivateCredential,936,0.9816210865974426
cara,70B,java,wildfly/wildfly,EJBClientConfiguratorService.accept,937,0.8612911701202393
cara,70B,java,wildfly/wildfly,EjbCorbaServant.authenticate,938,0.9679136276245117
cara,70B,java,wildfly/wildfly,BatchPermission.forName,939,0.11589918285608292
cara,70B,java,wildfly/wildfly,WildFlyJobXmlResolver.getJobXmlNames,940,0.9290931224822998
cara,70B,java,wildfly/wildfly,ElytronSecurityManager.authenticate,941,0.9933575391769409
cara,70B,java,wildfly/wildfly,AbstractInvocationHandler.invoke,942,-0.5112447738647461
cara,70B,java,wildfly/wildfly,Configuration.skipMixedSynchronizationTypeCheck,943,0.7997546792030334
cara,70B,java,wildfly/wildfly,ElytronIntegrationResourceDefinitions.getElytronKeyStoreResourceDefinition,944,0.6458129286766052
cara,70B,java,wildfly/wildfly,ElytronIntegrationResourceDefinitions.getElytronKeyManagersResourceDefinition,945,0.793707549571991
cara,70B,java,wildfly/wildfly,ElytronIntegrationResourceDefinitions.getElytronTrustManagersResourceDefinition,946,0.8396350145339966
cara,70B,java,wildfly/wildfly,Consumers.close,947,0.22134867310523987
cara,70B,java,wildfly/wildfly,InjectedJMSContext.getDelegate,948,-0.5545560717582703
cara,70B,java,wildfly/wildfly,InjectedJMSContext.isInTransaction,949,0.9820225238800049
cara,70B,java,wildfly/wildfly,InjectedJMSContext.getTransactionSynchronizationRegistry,950,-0.14150336384773254
cara,70B,java,wildfly/wildfly,InjectedJMSContext.getConnectionFactory,951,-0.3133987486362457
cara,70B,java,wildfly/wildfly,JndiPermission.getActions,952,0.7373716235160828
cara,70B,java,wildfly/wildfly,JMSConnectionFactoryDefinitionInjectionSource.targetsPooledConnectionFactory,953,-0.055428411811590195
cara,70B,java,wildfly/wildfly,MigrateOperation.parameterIsAllowed,954,0.8630156517028809
cara,70B,java,wildfly/wildfly,GetDataSourceClassInfoOperationHandler.isTypeMatched,955,0.9748695492744446
cara,70B,java,wildfly/wildfly,CommonIronJacamarParser.parseConnectionAttributes_5_0,956,0.8366056680679321
cara,70B,java,wildfly/wildfly,MigrateOperation.migrateGenericTransport,957,0.9569859504699707
cara,70B,java,wildfly/wildfly,WildFlyJobXmlResolver.init,958,0.9710211753845215
cara,70B,java,wildfly/wildfly,HibernateSearchProcessor.deploy,959,0.8342158794403076
cara,70B,java,wildfly/wildfly,WebMigrateOperation.createSecurityRealm,960,0.9782052636146545
cara,70B,java,wildfly/wildfly,WebMigrateOperation.createIoSubsystem,961,0.9534943103790283
cara,70B,java,wildfly/wildfly,WebMigrateOperation.createWelcomeContentHandler,962,0.8554682731628418
cara,70B,java,wildfly/wildfly,ImportJournalOperation.createInVMTransportConfiguration,963,0.9586749076843262
cara,70B,java,wildfly/wildfly,MigrateOperation.addMessagingActiveMQExtension,964,0.9554934501647949
cara,70B,java,wildfly/wildfly,Notification.addCacheDependencies,965,0.9580264091491699
cara,70B,java,wildfly/wildfly,QueryName.subst,966,0.9197943210601807
cara,70B,java,wildfly/wildfly,Operations.createAddOperation,967,0.8435431718826294
cara,70B,java,wildfly/wildfly,ShutDownInterceptorFactory.shutdown,968,0.978056788444519
cara,70B,java,wildfly/wildfly,ServiceMBeanSupport.getName,969,0.93828284740448
cara,70B,java,wildfly/wildfly,ServiceMBeanSupport.sendStateChangeNotification,970,0.15933693945407867
cara,70B,java,wildfly/wildfly,WSEndpointConfigMapping.registerEndpointConfig,971,0.947178065776825
cara,70B,java,wildfly/wildfly,JCAOrderedLastSynchronizationList.registerInterposedSynchronization,972,-0.2265699952840805
cara,70B,java,wildfly/wildfly,JCAOrderedLastSynchronizationList.beforeCompletion,973,0.8661318421363831
cara,70B,java,wildfly/wildfly,DatabaseTimerPersistence.setNodeName,974,0.40812960267066956
cara,70B,java,wildfly/wildfly,ManagementUtil.convertSecurityRole,975,0.43517550826072693
cara,70B,java,wildfly/wildfly,TransportConfigOperationHandlers.processAcceptors,976,0.8506611585617065
cara,70B,java,wildfly/wildfly,TransportConfigOperationHandlers.getParameters,977,0.6587535738945007
cara,70B,java,wildfly/wildfly,TransportConfigOperationHandlers.processConnectors,978,0.9437462687492371
cara,70B,java,wildfly/wildfly,BroadcastGroupDefinition.getAvailableConnectors,979,0.9248563647270203
cara,70B,java,wildfly/wildfly,AddressSettingAdd.createSettings,980,-0.27978700399398804
cara,70B,java,wildfly/wildfly,AbstractActiveMQComponentControlHandler.getActiveMQComponentControl,981,-0.06718932092189789
cara,70B,java,wildfly/wildfly,QueueDefinition.forwardToRuntimeQueue,982,0.9019516706466675
cara,70B,java,wildfly/wildfly,PooledConnectionFactoryRemove.removeJNDIAliases,983,0.9555138349533081
cara,70B,java,wildfly/wildfly,WildFlyBindingRegistry.lookup,984,0.9647070169448853
cara,70B,java,wildfly/wildfly,WildFlyBindingRegistry.unbind,985,0.9410417675971985
cara,70B,java,wildfly/wildfly,PooledConnectionFactoryDefinition.define,986,-0.37166792154312134
cara,70B,java,wildfly/wildfly,JMSBridgeAdd.resolveAttribute,987,-0.20495393872261047
cara,70B,java,wildfly/wildfly,ManagementHelper.createAddOperation,988,0.8603487014770508
cara,70B,java,wildfly/wildfly,WeldSubsystemAdd.checkJtsEnabled,989,0.059542953968048096
cara,70B,java,wildfly/wildfly,JacORBExtension.registerTransformers,990,0.933124303817749
cara,70B,java,wildfly/wildfly,AbstractFederationSubsystemReader.createSubsystemRoot,991,0.9525878429412842
cara,70B,java,wildfly/wildfly,AbstractFederationSubsystemReader.parseConfig,992,0.9767802357673645
cara,70B,java,wildfly/wildfly,SecurityActions.getDeclaredMethods,993,-0.5091943740844727
cara,70B,java,wildfly/wildfly,SecurityActions.getDeclaredFields,994,0.8301577568054199
cara,70B,java,wildfly/wildfly,SecurityActions.getConstructor,995,0.906782329082489
cara,70B,java,wildfly/wildfly,SecurityActions.getMethod,996,-0.5634999871253967
cara,70B,java,wildfly/wildfly,StatefulSessionComponent.createSessionRemote,997,-0.2616625130176544
cara,70B,java,wildfly/wildfly,MessagingTransformers.buildTransformers2_1_0,998,0.5263862013816833
cara,70B,java,wildfly/wildfly,DatabaseTimerPersistence.extractDialects,999,0.8433775901794434
cara,70B,java,floci-io/floci,MemoryDbService.validatePassword,1200,0.33320000767707825
cara,70B,java,floci-io/floci,TableDefinition.getTableId,1201,0.2185908854007721
cara,70B,java,floci-io/floci,FlociUiManager.status,1202,-0.09032507240772247
cara,70B,java,floci-io/floci,FlociUiManager.resolveFlociEndpoint,1203,-0.10254046320915222
cara,70B,java,floci-io/floci,UiController.redirectUrl,1204,0.9355731010437012
cara,70B,java,floci-io/floci,CustomResourceResponseStore.register,1205,0.8361468315124512
cara,70B,java,floci-io/floci,CognitoMessageDispatcher.resolveDeliveryMediums,1206,-0.11892718076705933
cara,70B,java,floci-io/floci,OpenSearchInstanceTypes.InstanceTypeSpec,1207,-0.19109974801540375
cara,70B,java,floci-io/floci,LambdaLayerService.publishLayerVersion,1208,-0.6131726503372192
cara,70B,java,floci-io/floci,LambdaLayerService.getLayerVersion,1209,-0.6196402907371521
cara,70B,java,floci-io/floci,LambdaLayerService.deleteLayerVersion,1210,-0.07385874539613724
cara,70B,java,floci-io/floci,LambdaLayerStore.listVersions,1211,-0.5829524397850037
cara,70B,java,floci-io/floci,LambdaLayerStore.deleteAll,1212,0.9876588582992554
cara,70B,java,floci-io/floci,S3RequestParser.hasQueryParamInString,1213,0.9757577180862427
cara,70B,java,floci-io/floci,SqsService.normalizeQueueUrl,1214,0.9451398253440857
cara,70B,java,floci-io/floci,S3Controller.appendPutObjectResponseHeaders,1215,0.023923514410853386
cara,70B,java,floci-io/floci,EcsLoadBalancerRegistrar.registerTask,1216,-0.26476436853408813
cara,70B,java,floci-io/floci,GuardedMessageQueue.drainOne,1217,0.20585837960243225
cara,70B,java,floci-io/floci,BcmDataExportsService.accountIdFromArn,1218,0.21416273713111877
cara,70B,java,floci-io/floci,CurEmissionScheduler.runDaily,1219,0.08209741115570068
cara,70B,java,floci-io/floci,FlociDuckClient.resolveFlociEndpoint,1220,0.9501351714134216
cara,70B,java,floci-io/floci,DynamoDbReservedWords.check,1221,0.9527674913406372
cara,70B,java,floci-io/floci,ProjectionEvaluator.project,1222,-0.6562785506248474
cara,70B,java,floci-io/floci,TlsConfigSource.extractCustomHostnames,1223,-0.2291286438703537
cara,70B,java,floci-io/floci,TlsConfigSource.resolveFlociVersion,1224,-0.13163939118385315
cara,70B,java,floci-io/floci,TlsConfigSource.hostnameConfigChanged,1225,-0.20289449393749237
cara,70B,java,floci-io/floci,AccountResolver.resolve,1226,0.09412913024425507
cara,70B,java,floci-io/floci,AccountResolver.extractAccessKeyId,1227,0.9607582092285156
cara,70B,java,floci-io/floci,EsmStore.listAll,1228,0.9687098264694214
cara,70B,java,floci-io/floci,WebSocketProxyEventBuilder.buildConnectEvent,1229,-0.41592395305633545
cara,70B,java,floci-io/floci,WebSocketProxyEventBuilder.buildMessageEvent,1230,0.956740140914917
cara,70B,java,floci-io/floci,WebSocketProxyEventBuilder.buildMessageEvent,1231,-0.28810057044029236
cara,70B,java,floci-io/floci,WebSocketProxyEventBuilder.buildDisconnectEvent,1232,0.8293672800064087
cara,70B,java,floci-io/floci,WebSocketProxyEventBuilder.buildAuthorizerEvent,1233,-0.23335370421409607
cara,70B,java,floci-io/floci,WebSocketIntegrationInvoker.IntegrationResult,1234,-0.4709586203098297
cara,70B,java,floci-io/floci,RouteSelectionEvaluator.evaluate,1235,0.9712510108947754
cara,70B,java,floci-io/floci,WebSocketRouteResolver.RouteResolution,1236,-0.4693392515182495
cara,70B,java,floci-io/floci,WebSocketRouteResolver.resolve,1237,-0.39840489625930786
cara,70B,java,floci-io/floci,WebSocketConnectionManager.register,1238,-0.0438968725502491
cara,70B,java,floci-io/floci,WebSocketConnectionManager.unregister,1239,0.3680680990219116
cara,70B,java,floci-io/floci,WebSocketConnectionManager.sendMessage,1240,0.2671642601490021
cara,70B,java,floci-io/floci,WebSocketConnectionManager.updateLastActiveAt,1241,0.9377906322479248
cara,70B,java,floci-io/floci,WebSocketAuthorizerService.AuthorizerResult,1242,0.0548090934753418
cara,70B,java,floci-io/floci,WebSocketAuthorizerService.parseAuthorizerResponse,1243,-0.25589701533317566
cara,70B,java,floci-io/floci,WebSocketAuthorizerService.hasQueryParamValue,1244,0.9641320109367371
cara,70B,java,floci-io/floci,WebSocketHandler.init,1245,-0.44434916973114014
cara,70B,java,floci-io/floci,WebSocketHandler.handleWebSocketUpgrade,1246,-0.27999651432037354
cara,70B,java,floci-io/floci,WebSocketHandler.completeUpgradeWithHeaders,1247,0.9132657051086426
cara,70B,java,floci-io/floci,WebSocketHandler.scheduleIdleTimeout,1248,0.8855990171432495
cara,70B,java,floci-io/floci,WebSocketHandler.onMessage,1249,0.9755520820617676
cara,70B,java,floci-io/floci,WebSocketHandler.safeWriteTextMessage,1250,0.9758198261260986
cara,70B,java,floci-io/floci,WebSocketHandler.extractQueryParams,1251,0.9001355171203613
cara,70B,java,floci-io/floci,WebSocketHandler.resolveRegionFromVertxRequest,1252,-0.2146769016981125
cara,70B,java,floci-io/floci,ContainerStorageHelper.removeStorage,1253,0.963763952255249
cara,70B,java,floci-io/floci,TextractService.buildGeometry,1254,0.03305617347359657
cara,70B,java,floci-io/floci,TextractService.buildRelationships,1255,0.784482479095459
cara,70B,java,floci-io/floci,PortAllocator.release,1256,0.5068091154098511
cara,70B,java,floci-io/floci,DockerClientProducer.resolveEffectiveDockerHost,1257,-0.11528147011995316
cara,70B,java,floci-io/floci,ApiGatewayV2Service.parseArn,1258,0.8215148448944092
cara,70B,java,floci-io/floci,AwsArnUtils.Arn,1259,-0.4657938778400421
cara,70B,java,floci-io/floci,Ec2MetadataServer.registerContainer,1260,0.9109905958175659
cara,70B,java,floci-io/floci,Ec2MetadataServer.unregisterContainer,1261,0.22476503252983093
cara,70B,java,floci-io/floci,AmiImageResolver.resolve,1262,0.11407013982534409
cara,70B,java,floci-io/floci,Ec2ContainerManager.launch,1263,-0.7425068020820618
cara,70B,java,floci-io/floci,Ec2ContainerManager.start,1264,0.9816081523895264
cara,70B,java,floci-io/floci,Ec2ContainerManager.reboot,1265,0.97314453125
cara,70B,java,floci-io/floci,CodeBuildRunner.copyArtifactsFromContainer,1266,0.9277132153511047
cara,70B,java,floci-io/floci,ContainerLifecycleManager.removeVolume,1267,0.3952455222606659
cara,70B,java,floci-io/floci,ContainerLifecycleManager.isContainerRunning,1268,0.9466379880905151
cara,70B,java,floci-io/floci,FlociDuckManager.ensureReady,1269,0.21024584770202637
cara,70B,java,floci-io/floci,DynamoDbTableNames.requireShortName,1270,0.19485440850257874
cara,70B,java,floci-io/floci,SmtpRelay.relay,1271,-0.13784083724021912
cara,70B,java,floci-io/floci,SmtpRelay.relayRaw,1272,0.770746648311615
cara,70B,java,floci-io/floci,WarmPool.pushCodeUpdate,1273,0.7173412442207336
cara,70B,java,floci-io/floci,SqsService.parseDelaySecondsAttribute,1274,0.02949964813888073
cara,70B,java,floci-io/floci,ContainerLifecycleManager.startCreated,1275,-0.6175600290298462
cara,70B,java,floci-io/floci,ContainerLifecycleManager.stopAndRemove,1276,-0.03616277500987053
cara,70B,java,floci-io/floci,ContainerLifecycleManager.findByName,1277,-0.3377707898616791
cara,70B,java,floci-io/floci,ContainerLifecycleManager.adopt,1278,-0.4871106743812561
cara,70B,java,floci-io/floci,ContainerLifecycleManager.removeIfExists,1279,0.3579411506652832
cara,70B,java,floci-io/floci,ContainerLifecycleManager.ContainerInfo,1280,-0.35866019129753113
cara,70B,java,floci-io/floci,ContainerLifecycleManager.EndpointInfo,1281,0.9682937264442444
cara,70B,java,floci-io/floci,PortAllocator.allocateAny,1282,0.900221586227417
cara,70B,java,floci-io/floci,PortAllocator.isPortFree,1283,0.9246309995651245
cara,70B,java,floci-io/floci,ContainerLogStreamer.attach,1284,-0.1909196823835373
cara,70B,java,floci-io/floci,ContainerLogStreamer.ensureLogGroupAndStream,1285,-0.19993799924850464
cara,70B,java,floci-io/floci,LambdaConcurrencyLimiter.validateAndSetReserved,1286,-0.04699099436402321
cara,70B,java,floci-io/floci,IamEnforcementFilter.accessDeniedResponse,1287,0.939604640007019
cara,70B,java,floci-io/floci,IamActionRegistry.resolve,1288,-0.3941977918148041
cara,70B,java,floci-io/floci,IamService.registerSession,1289,-0.1886451691389084
cara,70B,java,floci-io/floci,IamService.resolveCallerContext,1290,0.8995780944824219
cara,70B,java,floci-io/floci,S3ControlController.listTagsForResource,1291,0.8534740209579468
cara,70B,java,floci-io/floci,S3ControlController.tagResource,1292,-0.1277352124452591
cara,70B,java,floci-io/floci,S3ControlController.untagResource,1293,0.8270437717437744
cara,70B,java,floci-io/floci,S3ControlController.extractBucketName,1294,0.9542158842086792
cara,70B,java,floci-io/floci,RegistryHttpClient.catalog,1295,0.8503574728965759
cara,70B,java,floci-io/floci,EcrRegistryManager.getProxyEndpoint,1296,0.18334075808525085
cara,70B,java,floci-io/floci,S3Controller.extractObjectKey,1297,-0.0392034649848938
cara,70B,java,floci-io/floci,CognitoSrpHelper.generateServerB,1298,-0.3496890962123871
cara,70B,java,floci-io/floci,CognitoSrpHelper.computeSessionKey,1299,-0.1787245124578476
asap,8B,java,oblac/jodd,EmailUtil.isEmptyFlags,400,0.912940502166748
asap,8B,java,oblac/jodd,Sockets.connect,401,0.9890314936637878
asap,8B,java,oblac/jodd,Sockets.connect,402,0.9916355013847351
asap,8B,java,oblac/jodd,BaseLoggableStatement.getQueryString,403,0.9465335011482239
asap,8B,java,oblac/jodd,ClassReader.readBootstrapMethodsAttribute,404,0.9708947539329529
asap,8B,java,oblac/jodd,Frame.copyFrom,405,0.8796706795692444
asap,8B,java,oblac/jodd,Type.getMethodDescriptor,406,0.7921167612075806
asap,8B,java,oblac/jodd,Type.appendDescriptor,407,0.979810893535614
asap,8B,java,oblac/jodd,Type.getArgumentsAndReturnSizes,408,-0.2630917429924011
asap,8B,java,oblac/jodd,BeanProperty.updateBean,409,-0.2862679362297058
asap,8B,java,oblac/jodd,StringUtil.detectQuoteChar,410,0.939441442489624
asap,8B,java,oblac/jodd,DbEntitySql.findAll,411,0.7548830509185791
asap,8B,java,oblac/jodd,Cli.printUsage,412,0.9472386240959167
asap,8B,java,oblac/jodd,ReceiverBuilder.get,413,0.7545483708381653
asap,8B,java,oblac/jodd,ProxettaAsmUtil.resolveJavaVersion,414,0.9255365133285522
asap,8B,java,oblac/jodd,ClassVisitor.visitNestHost,415,0.955112099647522
asap,8B,java,oblac/jodd,ClassVisitor.visitNestMember,416,0.8582019209861755
asap,8B,java,oblac/jodd,ClassWriter.replaceAsmInstructions,417,0.8926733732223511
asap,8B,java,oblac/jodd,SymbolTable.addConstantDynamic,418,0.8806686401367188
asap,8B,java,oblac/jodd,Format.formatParagraph,419,0.9116019606590271
asap,8B,java,oblac/jodd,Format.convertTabsToSpaces,420,0.9210969805717468
asap,8B,java,oblac/jodd,Format.escapeJava,421,0.9834504127502441
asap,8B,java,oblac/jodd,Format.unescapeJava,422,0.9741837382316589
asap,8B,java,oblac/jodd,Format.toCamelCase,423,0.941071093082428
asap,8B,java,oblac/jodd,Format.toPrettyString,424,0.967646598815918
asap,8B,java,oblac/jodd,JavaInfo.buildJrePackages,425,0.9828792810440063
asap,8B,java,oblac/jodd,SystemUtil.get,426,0.3345700204372406
asap,8B,java,oblac/jodd,SystemUtil.getBoolean,427,0.43149885535240173
asap,8B,java,oblac/jodd,SystemUtil.getInt,428,0.5510563850402832
asap,8B,java,oblac/jodd,SystemUtil.getLong,429,0.9036396741867065
asap,8B,java,oblac/jodd,Format.alignLeftAndPad,430,0.892173707485199
asap,8B,java,oblac/jodd,Node.findChildNodeWithName,431,0.994178056716919
asap,8B,java,oblac/jodd,Node.filterChildNodes,432,0.914202094078064
asap,8B,java,oblac/jodd,AuthAction.tokenAsJson,433,0.8497800230979919
asap,8B,java,oblac/jodd,UserSession.stop,434,0.9497590065002441
asap,8B,java,oblac/jodd,UserSession.start,435,0.9349446296691895
asap,8B,java,oblac/jodd,AuthInterceptor.authenticateUserViaHttpSession,436,0.9808984994888306
asap,8B,java,oblac/jodd,AuthInterceptor.authenticateUserViaToken,437,0.9502713084220886
asap,8B,java,oblac/jodd,AuthInterceptor.authenticateUserViaBasicAuth,438,0.9792194366455078
asap,8B,java,oblac/jodd,ServletUtil.resolveAuthBearerToken,439,0.9631694555282593
asap,8B,java,oblac/jodd,WebApp.withActionConfig,440,0.9818755984306335
asap,8B,java,oblac/jodd,WebApp.configureDefaults,441,0.9776095151901245
asap,8B,java,oblac/jodd,ActionConfigManager.bindAnnotationConfig,442,0.950312614440918
asap,8B,java,oblac/jodd,ActionConfigManager.registerNewActionConfiguration,443,0.907310426235199
asap,8B,java,oblac/jodd,ActionConfigManager.lookup,444,0.9398589730262756
asap,8B,java,oblac/jodd,ActionConfigManager.with,445,0.9579585790634155
asap,8B,java,oblac/jodd,JsonResult.of,446,0.9529978632926941
asap,8B,java,oblac/jodd,TypeCache.createDefault,447,0.6990981101989746
asap,8B,java,oblac/jodd,DbOomQuery.preprocessSql,448,0.9704445004463196
asap,8B,java,oblac/jodd,DbOomQuery.populateGeneratedKeys,449,0.8999539017677307
asap,8B,java,oblac/jodd,DbOom.connect,450,0.981994092464447
asap,8B,java,oblac/jodd,TypeData.resolveRealName,451,0.9589137434959412
asap,8B,java,oblac/jodd,TypeData.resolveJsonName,452,0.9556210041046143
asap,8B,java,oblac/jodd,MailSession.setupSystemMailProperties,453,0.8596698641777039
asap,8B,java,oblac/jodd,BeanData.invokeInitMethods,454,0.9810445308685303
asap,8B,java,oblac/jodd,BeanData.callDestroyMethods,455,0.9605103731155396
asap,8B,java,oblac/jodd,BeanData.newBeanInstance,456,0.9561215043067932
asap,8B,java,oblac/jodd,BeanData.injectParams,457,0.901175856590271
asap,8B,java,oblac/jodd,JoyMadvoc.printRoutes,458,0.5999224185943604
asap,8B,java,oblac/jodd,MethodWriter.endCurrentBasicBlockWithNoSuccessor,459,0.9554483890533447
asap,8B,java,oblac/jodd,MethodWriter.computeMethodInfoSize,460,0.9253445863723755
asap,8B,java,oblac/jodd,MethodWriter.collectAttributePrototypes,461,0.8581193089485168
asap,8B,java,oblac/jodd,ByteVector.enlarge,462,0.9598148465156555
asap,8B,java,oblac/jodd,ClassReader.readStream,463,0.806279182434082
asap,8B,java,oblac/jodd,ClassReader.readLabel,464,0.8175657391548157
asap,8B,java,oblac/jodd,ClassReader.readTypeAnnotations,465,0.8902541399002075
asap,8B,java,oblac/jodd,ClassReader.getTypeAnnotationBytecodeOffset,466,0.9201816916465759
asap,8B,java,oblac/jodd,ClassReader.readParameterAnnotations,467,0.8784172534942627
asap,8B,java,oblac/jodd,ClassReader.readElementValues,468,0.8280150890350342
asap,8B,java,oblac/jodd,ClassReader.readVerificationTypeInfo,469,0.8108969926834106
asap,8B,java,oblac/jodd,CurrentFrame.execute,470,0.6208739876747131
asap,8B,java,oblac/jodd,ClassWriter.toByteArray,471,0.7977774739265442
asap,8B,java,oblac/jodd,ClassWriter.getAttributePrototypes,472,0.8289086818695068
asap,8B,java,oblac/jodd,Frame.getAbstractTypeFromApiFormat,473,0.9485806822776794
asap,8B,java,oblac/jodd,Frame.setInputFrameFromApiFormat,474,0.7987735867500305
asap,8B,java,oblac/jodd,Handler.removeRange,475,0.6668255925178528
asap,8B,java,oblac/jodd,Handler.getExceptionTableLength,476,0.9310503602027893
asap,8B,java,oblac/jodd,MethodVisitor.visitParameter,477,0.977103054523468
asap,8B,java,oblac/jodd,MethodVisitor.visitAnnotation,478,0.9784556031227112
asap,8B,java,oblac/jodd,MethodVisitor.visitTypeAnnotation,479,0.9759335517883301
asap,8B,java,oblac/jodd,MethodVisitor.visitParameterAnnotation,480,0.9672843217849731
asap,8B,java,oblac/jodd,MethodVisitor.visitTypeInsn,481,0.5352033972740173
asap,8B,java,oblac/jodd,MethodVisitor.visitFieldInsn,482,0.9682978987693787
asap,8B,java,oblac/jodd,MethodVisitor.visitMethodInsn,483,-0.5758776664733887
asap,8B,java,oblac/jodd,MethodVisitor.visitInvokeDynamicInsn,484,0.9455732107162476
asap,8B,java,oblac/jodd,MethodVisitor.visitJumpInsn,485,0.9285464286804199
asap,8B,java,oblac/jodd,MethodVisitor.visitTableSwitchInsn,486,0.9399675130844116
asap,8B,java,oblac/jodd,MethodVisitor.visitLookupSwitchInsn,487,0.6851666569709778
asap,8B,java,oblac/jodd,MethodVisitor.visitMultiANewArrayInsn,488,0.8439253568649292
asap,8B,java,oblac/jodd,MethodVisitor.visitTryCatchBlock,489,0.8652365207672119
asap,8B,java,oblac/jodd,MethodVisitor.visitLocalVariable,490,0.9047336578369141
asap,8B,java,oblac/jodd,MethodVisitor.visitLocalVariableAnnotation,491,0.9690713882446289
asap,8B,java,oblac/jodd,MethodVisitor.visitLineNumber,492,0.9251067042350769
asap,8B,java,oblac/jodd,SymbolTable.copyBootstrapMethods,493,0.7960923910140991
asap,8B,java,oblac/jodd,SymbolTable.setMajorVersionAndClassName,494,0.8835995197296143
asap,8B,java,oblac/jodd,SymbolTable.putBootstrapMethods,495,0.5933690071105957
asap,8B,java,oblac/jodd,SymbolTable.addConstant,496,0.5216507315635681
asap,8B,java,oblac/jodd,SymbolTable.addConstantMethodref,497,0.7319127321243286
asap,8B,java,oblac/jodd,SymbolTable.addConstantMemberReference,498,0.01774219051003456
asap,8B,java,oblac/jodd,SymbolTable.addConstantMemberReference,499,0.78670334815979
asap,8B,java,orientechnologies/orientdb,OBinarySerializerFactory.getObjectSerializer,500,0.7500286102294922
asap,8B,java,orientechnologies/orientdb,OBinarySerializerFactory.getObjectSerializer,501,0.8783783316612244
asap,8B,java,orientechnologies/orientdb,ODatabaseImport.processBrokenRids,502,0.600023627281189
asap,8B,java,orientechnologies/orientdb,OCommandExecutorSQLCreateIndex.execute,503,0.881851851940155
asap,8B,java,orientechnologies/orientdb,OCommandExecutorSQLInsert.execute,504,0.7678722143173218
asap,8B,java,orientechnologies/orientdb,OClientConnectionManager.connect,505,0.9631232023239136
asap,8B,java,orientechnologies/orientdb,OClientConnectionManager.connect,506,0.982475757598877
asap,8B,java,orientechnologies/orientdb,OClientConnectionManager.getConnection,507,0.9516288042068481
asap,8B,java,orientechnologies/orientdb,OClientConnectionManager.kill,508,0.9491931200027466
asap,8B,java,orientechnologies/orientdb,OClientConnectionManager.interrupt,509,0.9467251300811768
asap,8B,java,orientechnologies/orientdb,OClientConnectionManager.disconnect,510,0.9849084615707397
asap,8B,java,orientechnologies/orientdb,OClientConnectionManager.pushDistribCfg2Clients,511,0.9780164361000061
asap,8B,java,orientechnologies/orientdb,FrequencySketch.reset,512,0.9406043291091919
asap,8B,java,orientechnologies/orientdb,FrequencySketch.indexOf,513,0.9270144701004028
asap,8B,java,orientechnologies/orientdb,FrequencySketch.spread,514,0.9014021158218384
asap,8B,java,orientechnologies/orientdb,StripedBuffer.advanceProbe,515,0.957425057888031
asap,8B,java,orientechnologies/orientdb,Orient.initShutdownQueue,516,0.8755459189414978
asap,8B,java,orientechnologies/orientdb,Orient.getEngine,517,0.9531127214431763
asap,8B,java,orientechnologies/orientdb,OClusterBasedStorageConfiguration.toStream,518,0.8691127300262451
asap,8B,java,orientechnologies/orientdb,OHttpResponse.compress,519,0.8878533840179443
asap,8B,java,orientechnologies/orientdb,OStorageRemote.command,520,0.9735521674156189
asap,8B,java,orientechnologies/orientdb,OStorageRemote.endRequest,521,0.9300239086151123
asap,8B,java,orientechnologies/orientdb,OStorageRemote.addHost,522,0.8820587992668152
asap,8B,java,orientechnologies/orientdb,OStorageRemote.beginRequest,523,0.9632826447486877
asap,8B,java,orientechnologies/orientdb,OStorageConfigurationImpl.load,524,0.9797154664993286
asap,8B,java,orientechnologies/orientdb,OStorageConfigurationImpl.toStream,525,0.8724913597106934
asap,8B,java,orientechnologies/orientdb,OSBTreeBucketSingleValue.getValue,526,0.97004234790802
asap,8B,java,orientechnologies/orientdb,Bucket.getValues,527,0.91509610414505
asap,8B,java,orientechnologies/orientdb,Bucket.getValues,528,0.9126707315444946
asap,8B,java,orientechnologies/orientdb,OIndexFullText.put,529,0.8765707015991211
asap,8B,java,orientechnologies/orientdb,OIndexFullText.remove,530,0.9371625185012817
asap,8B,java,orientechnologies/orientdb,OIndexManagerShared.createIndex,531,0.7020715475082397
asap,8B,java,orientechnologies/orientdb,OIndexManagerShared.toStream,532,0.8338627815246582
asap,8B,java,orientechnologies/orientdb,ODatabaseDocumentAbstract.delete,533,0.983715295791626
asap,8B,java,orientechnologies/orientdb,ODatabaseDocumentAbstract.callbackHooks,534,0.8915164470672607
asap,8B,java,orientechnologies/orientdb,ODatabaseDocumentAbstract.delete,535,0.944898247718811
asap,8B,java,orientechnologies/orientdb,ODatabaseDocumentAbstract.executeHideRecord,536,0.8276304006576538
asap,8B,java,orientechnologies/orientdb,ODatabaseDocumentAbstract.countView,537,0.9164289236068726
asap,8B,java,orientechnologies/orientdb,ODatabaseDocumentAbstract.countClass,538,0.915554404258728
asap,8B,java,orientechnologies/orientdb,ODatabaseDocumentAbstract.activateOnCurrentThread,539,0.8520843386650085
asap,8B,java,orientechnologies/orientdb,OSecurityShared.authenticate,540,0.983609676361084
asap,8B,java,orientechnologies/orientdb,OSecurityShared.createMetadata,541,0.9581311345100403
asap,8B,java,orientechnologies/orientdb,OFileClassic.create,542,0.6981780529022217
asap,8B,java,orientechnologies/orientdb,OFileClassic.checkRegions,543,0.9454100131988525
asap,8B,java,orientechnologies/orientdb,OFileClassic.replaceContentWith,544,0.9269372224807739
asap,8B,java,orientechnologies/orientdb,ONodeManager.initReceiveMessages,545,0.9504737257957458
asap,8B,java,orientechnologies/orientdb,ONodeManager.initDiscoveryPing,546,0.984569787979126
asap,8B,java,orientechnologies/orientdb,ONodeManager.initCheckDisconnect,547,0.7892745733261108
asap,8B,java,orientechnologies/orientdb,ONodeManager.initCheckLeader,548,0.8954547047615051
asap,8B,java,orientechnologies/orientdb,ODistributedAbstractPlugin.executeOnLocalNode,549,0.9243610501289368
asap,8B,java,orientechnologies/orientdb,ODistributedAbstractPlugin.getNodesWithStatus,550,0.7964401841163635
asap,8B,java,orientechnologies/orientdb,ODistributedAbstractPlugin.installDatabaseFromNetwork,551,0.9746992588043213
asap,8B,java,orientechnologies/orientdb,OConflictResolverDatabaseRepairer.cancelRepairRecord,552,0.6935395002365112
asap,8B,java,orientechnologies/orientdb,OConflictResolverDatabaseRepairer.enqueueRepairCluster,553,0.8249683380126953
asap,8B,java,orientechnologies/orientdb,ODistributedDatabaseImpl.processRequest,554,0.9894052743911743
asap,8B,java,orientechnologies/orientdb,OAbstract2pcTask.getPartitionKey,555,0.8781423568725586
asap,8B,java,orientechnologies/orientdb,OSequenceCached.nextWithNewCurrentValue,556,0.8568571209907532
asap,8B,java,orientechnologies/orientdb,ScalableRWLock.addState,557,0.6716122031211853
asap,8B,java,orientechnologies/orientdb,OPrefixBTreeBucket.getValue,558,0.9038336277008057
asap,8B,java,orientechnologies/orientdb,OEmbeddedRidBag.swap,559,0.9738963842391968
asap,8B,java,orientechnologies/orientdb,ODatabaseDocumentRemote.executeReadRecord,560,0.7044439315795898
asap,8B,java,orientechnologies/orientdb,OJson.toObjectDetermineType,561,0.7674605846405029
asap,8B,java,orientechnologies/orientdb,JPAHandler.characters,562,0.8143396377563477
asap,8B,java,orientechnologies/orientdb,OScriptExecutionPlan.executeFull,563,0.7463804483413696
asap,8B,java,orientechnologies/orientdb,OObjectProxyMethodHandler.detach,564,0.9626060724258423
asap,8B,java,orientechnologies/orientdb,OObjectProxyMethodHandler.attach,565,0.9492719173431396
asap,8B,java,orientechnologies/orientdb,ONative.getOpenFilesLimit,566,0.9708215594291687
asap,8B,java,orientechnologies/orientdb,SpatialQueryBuilderOverlap.build,567,0.9110972285270691
asap,8B,java,orientechnologies/orientdb,OLuceneSpatialOperator.evaluateRecord,568,0.7075275182723999
asap,8B,java,orientechnologies/orientdb,OSelectExecutionPlanner.findPrefixes,569,0.9716633558273315
asap,8B,java,orientechnologies/orientdb,ORecordSerializerBinaryV1.getFieldSizeAndTypeFromCurrentPosition,570,0.8971160650253296
asap,8B,java,orientechnologies/orientdb,OSelectExecutionPlanner.requiresMultipleIndexLookups,571,0.836792528629303
asap,8B,java,orientechnologies/orientdb,ORecordSerializerBinaryV0.getPositionsFromEmbeddedCollection,572,0.7715758085250854
asap,8B,java,orientechnologies/orientdb,OAtomicOperation.checkChangesFilledUpTo,573,0.8796709775924683
asap,8B,java,orientechnologies/orientdb,OExecutionPlanCache.get,574,0.9243361949920654
asap,8B,java,orientechnologies/orientdb,ODatabaseDocumentEmbedded.executeDeleteRecord,575,0.9129170179367065
asap,8B,java,orientechnologies/orientdb,OPropertyEmbedded.setTypeInternal,576,0.9192796349525452
asap,8B,java,orientechnologies/orientdb,OHazelcastPlugin.initSystemDatabase,577,0.9389387965202332
asap,8B,java,orientechnologies/orientdb,OReadersWriterSpinLock.tryAcquireReadLock,578,0.8605152368545532
asap,8B,java,orientechnologies/orientdb,OAbstractPaginatedStorage.handleJVMError,579,0.9748961329460144
asap,8B,java,orientechnologies/orientdb,OETLContext.printExceptionStackTrace,580,0.992069661617279
asap,8B,java,orientechnologies/orientdb,OFileManager.buildJsonFromFile,581,0.9762898683547974
asap,8B,java,orientechnologies/orientdb,ODistributedResponseManagerImpl.collectResponse,582,0.951647162437439
asap,8B,java,orientechnologies/orientdb,ODistributedResponseManagerImpl.waitForSynchronousResponses,583,0.7980448007583618
asap,8B,java,orientechnologies/orientdb,ODistributedResponseManagerImpl.getMissingNodes,584,0.5797424912452698
asap,8B,java,orientechnologies/orientdb,ODistributedResponseManagerImpl.getConflictResponses,585,0.8444198966026306
asap,8B,java,orientechnologies/orientdb,ODistributedResponseManagerImpl.getBestResponsesGroup,586,0.5409250259399414
asap,8B,java,orientechnologies/orientdb,ODistributedResponseManagerImpl.computeQuorumResponse,587,0.7693573236465454
asap,8B,java,orientechnologies/orientdb,ODistributedResponseManagerImpl.getReceivedResponses,588,0.7718020081520081
asap,8B,java,orientechnologies/orientdb,OETLJob.status,589,0.8133378624916077
asap,8B,java,orientechnologies/orientdb,OETLHandler.executeImport,590,0.8190099596977234
asap,8B,java,orientechnologies/orientdb,OETLHandler.status,591,0.740525484085083
asap,8B,java,orientechnologies/orientdb,OWALSegmentCache.truncate,592,0.9599535465240479
asap,8B,java,orientechnologies/orientdb,ODirtyManager.mergeSet,593,0.8639026880264282
asap,8B,java,orientechnologies/orientdb,OAbstractPaginatedStorage.preallocateRids,594,0.7113144397735596
asap,8B,java,orientechnologies/orientdb,OFileUtils.atomicMoveWithFallback,595,0.13028012216091156
asap,8B,java,orientechnologies/orientdb,OFileUtils.prepareForFileCreationOrReplacement,596,0.9575262069702148
asap,8B,java,orientechnologies/orientdb,OMicroTransaction.commit,597,0.9476925134658813
asap,8B,java,orientechnologies/orientdb,OMicroTransaction.rollback,598,0.9751105308532715
asap,8B,java,orientechnologies/orientdb,OMicroTransaction.updateIdentityAfterRecordCommit,599,0.8735296726226807
asap,8B,java,real-logic/aeron,ClusterMember.determineMember,600,0.9275426268577576
asap,8B,java,real-logic/aeron,SamplesUtil.mapCounters,601,0.696584165096283
asap,8B,java,real-logic/aeron,BacklogStat.snapshot,602,0.8319632411003113
asap,8B,java,real-logic/aeron,CommonContext.requestDriverTermination,603,0.7949942350387573
asap,8B,java,real-logic/aeron,TerminateDriverFlyweight.tokenBuffer,604,0.9209411144256592
asap,8B,java,real-logic/aeron,RecordingLog.findLastTerm,605,0.8267712593078613
asap,8B,java,real-logic/aeron,SamplesUtil.mapExistingFileReadOnly,606,0.772354006767273
asap,8B,java,real-logic/aeron,HeaderFlyweight.flagsToChars,607,0.9131096005439758
asap,8B,java,real-logic/aeron,Configuration.validateUnblockTimeout,608,0.9710595607757568
asap,8B,java,real-logic/aeron,ReplayMerge.close,609,0.9915632009506226
asap,8B,java,real-logic/aeron,ReplayMerge.doWork,610,0.48725584149360657
asap,8B,java,real-logic/aeron,Configuration.validateSessionIdRange,611,0.9143657684326172
asap,8B,java,real-logic/aeron,RecordingSubscriptionDescriptorPoller.reset,612,0.9479662179946899
asap,8B,java,real-logic/aeron,ArchiveProxy.listRecordingSubscriptions,613,0.699623703956604
asap,8B,java,real-logic/aeron,ClusterMember.hasActiveQuorum,614,0.887604832649231
asap,8B,java,real-logic/aeron,ConcurrentPublication.offer,615,0.5958399772644043
asap,8B,java,real-logic/aeron,Publication.offer,616,0.7910968661308289
asap,8B,java,real-logic/aeron,ExclusivePublication.offer,617,0.5617090463638306
asap,8B,java,real-logic/aeron,ExclusiveTermAppender.appendUnfragmentedMessage,618,0.9372330904006958
asap,8B,java,real-logic/aeron,ArchiveProxy.truncateRecording,619,0.955507218837738
asap,8B,java,real-logic/aeron,ArchiveProxy.getStopPosition,620,0.8763947486877441
asap,8B,java,real-logic/aeron,AeronArchive.getStopPosition,621,0.8641400337219238
asap,8B,java,real-logic/aeron,RecordingLog.createRecoveryPlan,622,0.9110698103904724
asap,8B,java,real-logic/aeron,ClusterMember.validateMemberEndpoints,623,0.9816772937774658
asap,8B,java,real-logic/aeron,ClusterMember.areSameEndpoints,624,0.9903236627578735
asap,8B,java,real-logic/aeron,ClusterMember.encodeAsString,625,0.9759897589683533
asap,8B,java,real-logic/aeron,ClusterMember.isNotDuplicateEndpoints,626,0.9522121548652649
asap,8B,java,real-logic/aeron,ClusterMember.findMemberIndex,627,0.9598865509033203
asap,8B,java,real-logic/aeron,ClusterMember.removeMember,628,0.9427017569541931
asap,8B,java,real-logic/aeron,ClusterMember.highMemberId,629,0.9401781558990479
asap,8B,java,real-logic/aeron,AeronCluster.offer,630,0.509773850440979
asap,8B,java,real-logic/aeron,ChannelUri.initialPosition,631,0.7231931090354919
asap,8B,java,real-logic/aeron,ClusterMember.compareLog,632,0.7525366544723511
asap,8B,java,real-logic/aeron,ClusterMember.compareLog,633,0.6809925436973572
asap,8B,java,real-logic/aeron,ChannelUriStringBuilder.initialPosition,634,0.7063959836959839
asap,8B,java,real-logic/aeron,ChannelUri.channelTag,635,0.7558369636535645
asap,8B,java,real-logic/aeron,ChannelUri.entityTag,636,0.860184907913208
asap,8B,java,real-logic/aeron,ChannelUri.getTag,637,0.9365673065185547
asap,8B,java,real-logic/aeron,RecoveryState.getSnapshotRecordingId,638,0.8906470537185669
asap,8B,java,real-logic/aeron,UdpChannel.matchesTag,639,0.7847100496292114
asap,8B,java,real-logic/aeron,PublicationImage.addDestination,640,0.8380621671676636
asap,8B,java,real-logic/aeron,StreamStat.snapshot,641,0.9279360175132751
asap,8B,java,real-logic/aeron,HeartbeatStatus.allocate,642,0.8482847809791565
asap,8B,java,real-logic/aeron,ClusterMember.reset,643,0.9075958728790283
asap,8B,java,real-logic/aeron,ClusterMember.isQuorumCandidate,644,0.9774466156959534
asap,8B,java,real-logic/aeron,ClusterMember.isUnanimousCandidate,645,0.9496771097183228
asap,8B,java,real-logic/aeron,ArchiveProxy.tryConnect,646,0.781485378742218
asap,8B,java,real-logic/aeron,ArchiveProxy.findLastMatchingRecording,647,0.9480651617050171
asap,8B,java,real-logic/aeron,AeronArchive.truncateRecording,648,0.9628154039382935
asap,8B,java,real-logic/aeron,ArchiveProxy.getRecordingPosition,649,0.9546990394592285
asap,8B,java,real-logic/aeron,AeronArchive.findLastMatchingRecording,650,0.9442973136901855
asap,8B,java,real-logic/aeron,ServiceHeartbeat.allocate,651,0.8512756824493408
asap,8B,java,real-logic/aeron,ServiceHeartbeat.findCounterId,652,0.8386779427528381
asap,8B,java,real-logic/aeron,ClusterMember.hasWonVoteOnFullCount,653,0.9646314978599548
asap,8B,java,real-logic/aeron,ClusterMember.hasMajorityVote,654,0.819412350654602
asap,8B,java,real-logic/aeron,ClusterMember.addMemberStatusPublications,655,0.9401510953903198
asap,8B,java,real-logic/aeron,ClusterMember.closeMemberPublications,656,0.9451618194580078
asap,8B,java,real-logic/aeron,ClusterMember.resetLogPositions,657,0.9728703498840332
asap,8B,java,real-logic/aeron,ClusterMember.haveVotersReachedPosition,658,0.9896600246429443
asap,8B,java,real-logic/aeron,ChannelUriStringBuilder.linger,659,0.9244212508201599
asap,8B,java,real-logic/aeron,RecordingLog.tombstoneEntry,660,0.8138108253479004
asap,8B,java,real-logic/aeron,ClusterMember.quorumPosition,661,0.7265310883522034
asap,8B,java,real-logic/aeron,ArchiveProxy.extendRecording,662,0.8553068041801453
asap,8B,java,real-logic/aeron,ChannelUri.addSessionId,663,0.9593284130096436
asap,8B,java,real-logic/aeron,ClusterNodeRole.findCounterId,664,0.8870481252670288
asap,8B,java,real-logic/aeron,RecordingPos.isActive,665,0.8905860185623169
asap,8B,java,real-logic/aeron,RecordingLog.createRecoveryPlan,666,0.9556237459182739
asap,8B,java,real-logic/aeron,RecoveryState.hasReplay,667,0.9598302841186523
asap,8B,java,real-logic/aeron,RecordingLog.reload,668,0.684463381767273
asap,8B,java,real-logic/aeron,RecoveryState.allocate,669,0.852663516998291
asap,8B,java,real-logic/aeron,ClusteredServiceContainer.main,670,0.7052148580551147
asap,8B,java,real-logic/aeron,RecordingPos.findCounterIdByRecording,671,0.8609060049057007
asap,8B,java,real-logic/aeron,RecordingPos.findCounterIdBySession,672,0.795127272605896
asap,8B,java,real-logic/aeron,ArchiveProxy.listRecording,673,0.409429669380188
asap,8B,java,real-logic/aeron,ClusterControl.findControlToggle,674,0.8356955051422119
asap,8B,java,real-logic/aeron,RecordingLog.appendTerm,675,0.89192134141922
asap,8B,java,real-logic/aeron,RecordingLog.appendSnapshot,676,0.9740737080574036
asap,8B,java,real-logic/aeron,RecordingLog.commitLogPosition,677,0.9107633233070374
asap,8B,java,real-logic/aeron,RecordingPos.getRecordingId,678,0.9513862133026123
asap,8B,java,real-logic/aeron,ArchiveProxy.stopReplay,679,0.9763662815093994
asap,8B,java,real-logic/aeron,AeronArchive.stopReplay,680,0.9834815263748169
asap,8B,java,real-logic/aeron,RecordingDescriptorPoller.reset,681,0.8028402328491211
asap,8B,java,real-logic/aeron,ClientSession.offer,682,0.7911337614059448
asap,8B,java,real-logic/aeron,CounterMessageFlyweight.keyBuffer,683,0.8198941946029663
asap,8B,java,real-logic/aeron,CounterMessageFlyweight.labelBuffer,684,0.8127419948577881
asap,8B,java,real-logic/aeron,ConcurrentPublication.offer,685,0.5860757827758789
asap,8B,java,real-logic/aeron,AeronCluster.close,686,0.9957667589187622
asap,8B,java,real-logic/aeron,StatusUtil.sendChannelStatus,687,0.5154470205307007
asap,8B,java,real-logic/aeron,StatusUtil.receiveChannelStatus,688,0.8605937957763672
asap,8B,java,real-logic/aeron,LogBufferDescriptor.checkPageSize,689,0.8521941900253296
asap,8B,java,real-logic/aeron,Configuration.validatePageSize,690,0.8716692924499512
asap,8B,java,real-logic/aeron,LogBufferDescriptor.casRawTail,691,0.5106964707374573
asap,8B,java,real-logic/aeron,ExclusivePublication.offer,692,0.27771660685539246
asap,8B,java,real-logic/aeron,ExclusiveTermAppender.appendFragmentedMessage,693,0.9706091284751892
asap,8B,java,real-logic/aeron,DirectBufferVector.validateAndComputeLength,694,0.9018668532371521
asap,8B,java,real-logic/aeron,DirectBufferVector.reset,695,0.9693557620048523
asap,8B,java,real-logic/aeron,ClusteredMediaDriver.main,696,0.7554649710655212
asap,8B,java,real-logic/aeron,DirectBufferVector.validate,697,0.9739004373550415
asap,8B,java,real-logic/aeron,UdpChannel.description,698,0.5707107782363892
asap,8B,java,real-logic/aeron,Configuration.validateSocketBufferLengths,699,0.9567462205886841
asap,8B,java,spring-projects/spring-security,CurrentSecurityContextArgumentResolver.resolveArgument,700,0.8600502014160156
asap,8B,java,spring-projects/spring-security,CurrentSecurityContextArgumentResolver.isInvalidType,701,0.8712080717086792
asap,8B,java,spring-projects/spring-security,DefaultOAuth2AuthorizationRequestResolver.addPkceParameters,702,0.8438857793807983
asap,8B,java,spring-projects/spring-security,JwtGrantedAuthoritiesConverter.convert,703,0.8038070797920227
asap,8B,java,spring-projects/spring-security,NimbusJwtDecoder.decode,704,0.9798464179039001
asap,8B,java,spring-projects/spring-security,HttpSecurity.oauth2Client,705,0.9766204357147217
asap,8B,java,spring-projects/spring-security,ActiveDirectoryLdapAuthenticationProvider.setContextEnvironmentProperties,706,0.9160864949226379
asap,8B,java,spring-projects/spring-security,AbstractAuthenticationFilterConfigurer.updateAccessDefaults,707,0.7228901982307434
asap,8B,java,spring-projects/spring-security,ReactiveRemoteJWKSource.getJWKSet,708,0.7465701103210449
asap,8B,java,spring-projects/spring-security,AbstractAuthenticationTargetUrlRequestHandler.determineTargetUrl,709,0.9949026703834534
asap,8B,java,spring-projects/spring-security,SpringSecurityCoreVersion.getSpringVersion,710,-0.47344085574150085
asap,8B,java,spring-projects/spring-security,HttpSecurity.oauth2ResourceServer,711,0.9882540702819824
asap,8B,java,spring-projects/spring-security,OAuth2ClientConfigurer.clientRegistrationRepository,712,0.9455803632736206
asap,8B,java,spring-projects/spring-security,LdapShaPasswordEncoder.extractPrefix,713,0.8818289041519165
asap,8B,java,spring-projects/spring-security,MessageDigestPasswordEncoder.encode,714,0.9835357069969177
asap,8B,java,spring-projects/spring-security,MessageDigestPasswordEncoder.matches,715,0.9765865802764893
asap,8B,java,spring-projects/spring-security,DefaultLoginPageGeneratingFilter.setResolveHiddenInputs,716,0.6083585023880005
asap,8B,java,spring-projects/spring-security,ImplicitGrantConfigurer.clientRegistrationRepository,717,0.9582799077033997
asap,8B,java,spring-projects/spring-security,UserDetailsResourceFactoryBean.fromString,718,0.17264416813850403
asap,8B,java,spring-projects/spring-security,AclClassIdUtils.identifierFrom,719,0.8099912405014038
asap,8B,java,spring-projects/spring-security,Base64.getDecodabet,720,0.7842051386833191
asap,8B,java,spring-projects/spring-security,SecurityJackson2Modules.createWhitelistedDefaultTyping,721,0.9395853877067566
asap,8B,java,spring-projects/spring-security,ServerWebExchangeMatchers.pathMatchers,722,0.8596028089523315
asap,8B,java,spring-projects/spring-security,ServerWebExchangeMatchers.anyExchange,723,0.7312748432159424
asap,8B,java,spring-projects/spring-security,OAuth2LoginConfigurer.clientRegistrationRepository,724,0.951096773147583
asap,8B,java,spring-projects/spring-security,WebSecurityConfigurerAdapter.createSharedObjects,725,0.9418553709983826
asap,8B,java,spring-projects/spring-security,Pbkdf2PasswordEncoder.matches,726,0.9782131910324097
asap,8B,java,spring-projects/spring-security,LazyCsrfTokenRepository.generateToken,727,0.9635410308837891
asap,8B,java,spring-projects/spring-security,AbstractPreAuthenticatedProcessingFilter.principalChanged,728,0.8407498002052307
asap,8B,java,spring-projects/spring-security,MethodSecurityMetadataSourceAdvisorRegistrar.registerBeanDefinitions,729,0.9601626396179199
asap,8B,java,spring-projects/spring-security,OnCommittedResponseWrapper.checkContentLength,730,0.6182884573936462
asap,8B,java,spring-projects/spring-security,Encryptors.queryableText,731,0.857237696647644
asap,8B,java,spring-projects/spring-security,CipherUtils.newSecretKey,732,0.961800217628479
asap,8B,java,spring-projects/spring-security,CipherUtils.newCipher,733,0.9493845701217651
asap,8B,java,spring-projects/spring-security,CipherUtils.getParameterSpec,734,0.958473265171051
asap,8B,java,spring-projects/spring-security,CipherUtils.initCipher,735,0.6448734998703003
asap,8B,java,spring-projects/spring-security,CipherUtils.initCipher,736,0.9341652989387512
asap,8B,java,spring-projects/spring-security,EncodingUtils.concatenate,737,0.7886742353439331
asap,8B,java,spring-projects/spring-security,EncodingUtils.subArray,738,0.9640831351280212
asap,8B,java,spring-projects/spring-security,Utf8.decode,739,0.9933018088340759
asap,8B,java,spring-projects/spring-security,FilterChainProxy.getFilters,740,0.9553999900817871
asap,8B,java,spring-projects/spring-security,FilterChainProxy.getFilters,741,0.915301501750946
asap,8B,java,spring-projects/spring-security,XFrameOptionsHeaderWriter.writeHeaders,742,0.7812584042549133
asap,8B,java,spring-projects/spring-security,AbstractSecurityWebApplicationInitializer.insertSpringSecurityFilterChain,743,0.9519765377044678
asap,8B,java,spring-projects/spring-security,FastHttpDateFormat.getCurrentDate,744,0.9602838754653931
asap,8B,java,spring-projects/spring-security,FastHttpDateFormat.internalParseDate,745,0.9582444429397583
asap,8B,java,spring-projects/spring-security,FastHttpDateFormat.updateCache,746,0.9685400724411011
asap,8B,java,spring-projects/spring-security,HttpSessionRequestCache.saveRequest,747,0.9475405812263489
asap,8B,java,spring-projects/spring-security,DefaultSavedRequest.getRedirectUrl,748,0.943096399307251
asap,8B,java,spring-projects/spring-security,UrlUtils.buildRequestUrl,749,0.9471911191940308
asap,8B,java,spring-projects/spring-security,UrlUtils.isAbsoluteUrl,750,0.9933291673660278
asap,8B,java,spring-projects/spring-security,ThrowableAnalyzer.getRegisteredTypes,751,0.9341549873352051
asap,8B,java,spring-projects/spring-security,ThrowableAnalyzer.extractCause,752,0.8995163440704346
asap,8B,java,spring-projects/spring-security,RegexRequestMatcher.valueOf,753,0.9215553402900696
asap,8B,java,spring-projects/spring-security,SimpleUrlAuthenticationFailureHandler.setDefaultFailureUrl,754,0.9440965056419373
asap,8B,java,spring-projects/spring-security,Http403ForbiddenEntryPoint.commence,755,0.9659577012062073
asap,8B,java,spring-projects/spring-security,LoginUrlAuthenticationEntryPoint.buildHttpsRedirectUrlForRequest,756,0.9914241433143616
asap,8B,java,spring-projects/spring-security,SimpleUrlAuthenticationSuccessHandler.clearAuthenticationAttributes,757,0.8458095788955688
asap,8B,java,spring-projects/spring-security,UsernamePasswordAuthenticationFilter.setDetails,758,0.792646050453186
asap,8B,java,spring-projects/spring-security,AbstractAuthenticationTargetUrlRequestHandler.determineTargetUrl,759,0.953740119934082
asap,8B,java,spring-projects/spring-security,AbstractAuthenticationTargetUrlRequestHandler.setTargetUrlParameter,760,0.8805876970291138
asap,8B,java,spring-projects/spring-security,PersistentTokenBasedRememberMeServices.processAutoLoginCookie,761,0.9726415872573853
asap,8B,java,spring-projects/spring-security,PersistentTokenBasedRememberMeServices.onLoginSuccess,762,0.9222862124443054
asap,8B,java,spring-projects/spring-security,AbstractRememberMeServices.extractRememberMeCookie,763,0.8412438631057739
asap,8B,java,spring-projects/spring-security,AbstractRememberMeServices.encodeCookie,764,0.9724146723747253
asap,8B,java,spring-projects/spring-security,AbstractRememberMeServices.setCookie,765,0.9457451105117798
asap,8B,java,spring-projects/spring-security,AbstractPreAuthenticatedProcessingFilter.afterPropertiesSet,766,0.6171914339065552
asap,8B,java,spring-projects/spring-security,AbstractPreAuthenticatedProcessingFilter.doFilter,767,0.8250203728675842
asap,8B,java,spring-projects/spring-security,AbstractPreAuthenticatedProcessingFilter.doAuthenticate,768,0.9925624132156372
asap,8B,java,spring-projects/spring-security,J2eePreAuthenticatedProcessingFilter.getPreAuthenticatedPrincipal,769,0.9218472838401794
asap,8B,java,spring-projects/spring-security,WebSpherePreAuthenticatedWebAuthenticationDetailsSource.getWebSphereGroupsBasedGrantedAuthorities,770,0.9045379161834717
asap,8B,java,spring-projects/spring-security,WebSpherePreAuthenticatedProcessingFilter.getPreAuthenticatedPrincipal,771,0.9432796835899353
asap,8B,java,spring-projects/spring-security,DefaultWASUsernameAndGroupsExtractor.getSecurityName,772,0.9627900123596191
asap,8B,java,spring-projects/spring-security,DefaultWASUsernameAndGroupsExtractor.getWebSphereGroups,773,0.9689530730247498
asap,8B,java,spring-projects/spring-security,ConcurrentSessionControlAuthenticationStrategy.onAuthentication,774,0.9649633169174194
asap,8B,java,spring-projects/spring-security,ConcurrentSessionControlAuthenticationStrategy.allowableSessionsExceeded,775,0.8024344444274902
asap,8B,java,spring-projects/spring-security,RegisterSessionAuthenticationStrategy.onAuthentication,776,0.9253042340278625
asap,8B,java,spring-projects/spring-security,BasicAuthenticationFilter.extractAndDecodeHeader,777,0.9403747320175171
asap,8B,java,spring-projects/spring-security,SwitchUserFilter.attemptSwitchUser,778,0.9066611528396606
asap,8B,java,spring-projects/spring-security,SwitchUserFilter.attemptExitUser,779,0.749708890914917
asap,8B,java,spring-projects/spring-security,SwitchUserFilter.setExitUserUrl,780,0.9764834642410278
asap,8B,java,spring-projects/spring-security,DataSourcePopulator.createSampleData,781,0.5257805585861206
asap,8B,java,spring-projects/spring-security,DocumentDaoImpl.getDirectoryWithImmediateParentPopulated,782,0.9804328680038452
asap,8B,java,spring-projects/spring-security,AdminPermissionController.displayAdminPage,783,0.8989545106887817
asap,8B,java,spring-projects/spring-security,AdminPermissionController.displayAddPermissionPageForContact,784,0.9163913726806641
asap,8B,java,spring-projects/spring-security,AdminPermissionController.addPermission,785,0.9916918277740479
asap,8B,java,spring-projects/spring-security,AdminPermissionController.deletePermission,786,0.9937984943389893
asap,8B,java,spring-projects/spring-security,AddDeleteContactController.addContact,787,0.8206990361213684
asap,8B,java,spring-projects/spring-security,ContactManagerBackend.getRandomContact,788,0.962105393409729
asap,8B,java,spring-projects/spring-security,SpringSecurityCoreVersion.disableChecks,789,0.9215320944786072
asap,8B,java,spring-projects/spring-security,AnnotationParameterNameDiscoverer.lookupParameterNames,790,0.8966164588928223
asap,8B,java,spring-projects/spring-security,AuthorityUtils.authorityListToSet,791,0.6386569738388062
asap,8B,java,spring-projects/spring-security,SimpleAttributes2GrantedAuthoritiesMapper.getGrantedAuthorities,792,0.9622053503990173
asap,8B,java,spring-projects/spring-security,MapBasedAttributes2GrantedAuthoritiesMapper.getGrantedAuthorities,793,0.9545217752456665
asap,8B,java,spring-projects/spring-security,MapBasedAttributes2GrantedAuthoritiesMapper.preProcessMap,794,0.9585558772087097
asap,8B,java,spring-projects/spring-security,MapBasedAttributes2GrantedAuthoritiesMapper.getGrantedAuthorityCollection,795,0.9216773509979248
asap,8B,java,spring-projects/spring-security,MapBasedAttributes2GrantedAuthoritiesMapper.addGrantedAuthorityCollection,796,0.9337282180786133
asap,8B,java,spring-projects/spring-security,FieldUtils.getField,797,0.92839515209198
asap,8B,java,spring-projects/spring-security,MapBasedMethodSecurityMetadataSource.findAttributes,798,0.9057971835136414
asap,8B,java,spring-projects/spring-security,MapBasedMethodSecurityMetadataSource.addSecureMethod,799,0.9140084981918335
asap,8B,java,wildfly/wildfly,WeldDeploymentMarker.mark,900,0.8862844705581665
asap,8B,java,wildfly/wildfly,JaxrsMethodParameterProcessor.validateDefaultValues,901,0.2344752550125122
asap,8B,java,wildfly/wildfly,JaxrsMethodParameterProcessor.getParamConverters,902,0.8802696466445923
asap,8B,java,wildfly/wildfly,JaxrsMethodParameterProcessor.getResouceClasses,903,-0.5954209566116333
asap,8B,java,wildfly/wildfly,JaxrsMethodParameterProcessor.checkParamType,904,0.9537012577056885
asap,8B,java,wildfly/wildfly,JaxrsMethodParameterProcessor.lookupDefaultValueAnn,905,0.8740488886833191
asap,8B,java,wildfly/wildfly,JaxrsMethodParameterProcessor.validateBaseType,906,0.8740530014038086
asap,8B,java,wildfly/wildfly,ExternalPooledConnectionFactoryDefinition.define,907,-0.433735191822052
asap,8B,java,wildfly/wildfly,MetricsTransformers.rejectDefinedAttributeWithDefaultValue,908,0.9229314923286438
asap,8B,java,wildfly/wildfly,MetricCollector.collectResourceMetrics,909,0.8746423721313477
asap,8B,java,wildfly/wildfly,MessagingServices.getCapabilityServiceName,910,0.87132328748703
asap,8B,java,wildfly/wildfly,TransportConfigOperationHandlers.getExtraParameters,911,0.9403038024902344
asap,8B,java,wildfly/wildfly,JMSConnectionFactoryDefinitionInjectionSource.targetsExternalPooledConnectionFactory,912,0.9442254900932312
asap,8B,java,wildfly/wildfly,UndertowSubsystemParser_8_0.listenerBuilder,913,0.9696017503738403
asap,8B,java,wildfly/wildfly,JMSServerControlHandler.inferDestinationName,914,0.8874056339263916
asap,8B,java,wildfly/wildfly,CDIExtension.observeResources,915,0.8168174028396606
asap,8B,java,wildfly/wildfly,CDIExtension.close,916,0.7722357511520386
asap,8B,java,wildfly/wildfly,CalendarTimer.handleRestorationCalculation,917,0.4784810245037079
asap,8B,java,wildfly/wildfly,HibernatePersistenceProviderAdaptor.doesScopedPersistenceUnitNameIdentifyCacheRegionName,918,0.926508367061615
asap,8B,java,wildfly/wildfly,XTSSubsystemParser.processAttributes,919,0.443338543176651
asap,8B,java,wildfly/wildfly,ApplicableMethodInformation.isMethodLevel,920,0.7221639156341553
asap,8B,java,wildfly/wildfly,TransactedJMSContext.registerCleanUpListener,921,0.8026641607284546
asap,8B,java,wildfly/wildfly,DatabaseTimerPersistence.stringAsSchedulerDate,922,0.8181506395339966
asap,8B,java,wildfly/wildfly,WebTransformers.registerTransformers_2_x_0,923,0.9532542824745178
asap,8B,java,wildfly/wildfly,AuditNotificationReceiver.deriveUsefulInfo,924,0.9192636013031006
asap,8B,java,wildfly/wildfly,JdrZipFile.addAsString,925,0.8088179230690002
asap,8B,java,wildfly/wildfly,EJBSuspendHandlerService.start,926,0.9102554321289062
asap,8B,java,wildfly/wildfly,EJBSuspendHandlerService.stop,927,0.9602196216583252
asap,8B,java,wildfly/wildfly,EJBSuspendHandlerService.suspended,928,0.9815086722373962
asap,8B,java,wildfly/wildfly,EJBSuspendHandlerService.resume,929,0.9798822402954102
asap,8B,java,wildfly/wildfly,EJBSuspendHandlerService.invocationComplete,930,0.8275837302207947
asap,8B,java,wildfly/wildfly,EJBSuspendHandlerService.transactionCreated,931,0.9745908379554749
asap,8B,java,wildfly/wildfly,AbstractProtocolResourceDefinition.addTransformations,932,0.7983521819114685
asap,8B,java,wildfly/wildfly,CancellationFlag.cancel,933,0.8804956078529358
asap,8B,java,wildfly/wildfly,CancellationFlag.runIfNotCancelled,934,0.4103724956512451
asap,8B,java,wildfly/wildfly,ElytronCallbackHandler.authenticate,935,0.9540048837661743
asap,8B,java,wildfly/wildfly,ElytronCallbackHandler.addPrivateCredential,936,0.5348434448242188
asap,8B,java,wildfly/wildfly,EJBClientConfiguratorService.accept,937,0.8899950981140137
asap,8B,java,wildfly/wildfly,EjbCorbaServant.authenticate,938,0.9507357478141785
asap,8B,java,wildfly/wildfly,BatchPermission.forName,939,0.6231294870376587
asap,8B,java,wildfly/wildfly,WildFlyJobXmlResolver.getJobXmlNames,940,0.9307777881622314
asap,8B,java,wildfly/wildfly,ElytronSecurityManager.authenticate,941,0.979066014289856
asap,8B,java,wildfly/wildfly,AbstractInvocationHandler.invoke,942,0.9843702912330627
asap,8B,java,wildfly/wildfly,Configuration.skipMixedSynchronizationTypeCheck,943,0.6779817342758179
asap,8B,java,wildfly/wildfly,ElytronIntegrationResourceDefinitions.getElytronKeyStoreResourceDefinition,944,0.8419792652130127
asap,8B,java,wildfly/wildfly,ElytronIntegrationResourceDefinitions.getElytronKeyManagersResourceDefinition,945,0.9356439709663391
asap,8B,java,wildfly/wildfly,ElytronIntegrationResourceDefinitions.getElytronTrustManagersResourceDefinition,946,0.9340161681175232
asap,8B,java,wildfly/wildfly,Consumers.close,947,0.9257287979125977
asap,8B,java,wildfly/wildfly,InjectedJMSContext.getDelegate,948,0.7681359052658081
asap,8B,java,wildfly/wildfly,InjectedJMSContext.isInTransaction,949,0.9792658090591431
asap,8B,java,wildfly/wildfly,InjectedJMSContext.getTransactionSynchronizationRegistry,950,0.9871456623077393
asap,8B,java,wildfly/wildfly,InjectedJMSContext.getConnectionFactory,951,0.9784414768218994
asap,8B,java,wildfly/wildfly,JndiPermission.getActions,952,0.21709060668945312
asap,8B,java,wildfly/wildfly,JMSConnectionFactoryDefinitionInjectionSource.targetsPooledConnectionFactory,953,0.9733573198318481
asap,8B,java,wildfly/wildfly,MigrateOperation.parameterIsAllowed,954,0.819640040397644
asap,8B,java,wildfly/wildfly,GetDataSourceClassInfoOperationHandler.isTypeMatched,955,0.8395603895187378
asap,8B,java,wildfly/wildfly,CommonIronJacamarParser.parseConnectionAttributes_5_0,956,0.6291077136993408
asap,8B,java,wildfly/wildfly,MigrateOperation.migrateGenericTransport,957,0.5472236275672913
asap,8B,java,wildfly/wildfly,WildFlyJobXmlResolver.init,958,0.8874002695083618
asap,8B,java,wildfly/wildfly,HibernateSearchProcessor.deploy,959,0.5801963806152344
asap,8B,java,wildfly/wildfly,WebMigrateOperation.createSecurityRealm,960,0.8881396055221558
asap,8B,java,wildfly/wildfly,WebMigrateOperation.createIoSubsystem,961,0.9627201557159424
asap,8B,java,wildfly/wildfly,WebMigrateOperation.createWelcomeContentHandler,962,0.8824449777603149
asap,8B,java,wildfly/wildfly,ImportJournalOperation.createInVMTransportConfiguration,963,0.9836994409561157
asap,8B,java,wildfly/wildfly,MigrateOperation.addMessagingActiveMQExtension,964,0.8308320641517639
asap,8B,java,wildfly/wildfly,Notification.addCacheDependencies,965,0.8108240365982056
asap,8B,java,wildfly/wildfly,QueryName.subst,966,0.06957985460758209
asap,8B,java,wildfly/wildfly,Operations.createAddOperation,967,0.8435431718826294
asap,8B,java,wildfly/wildfly,ShutDownInterceptorFactory.shutdown,968,0.10039123892784119
asap,8B,java,wildfly/wildfly,ServiceMBeanSupport.getName,969,0.972629964351654
asap,8B,java,wildfly/wildfly,ServiceMBeanSupport.sendStateChangeNotification,970,0.944199800491333
asap,8B,java,wildfly/wildfly,WSEndpointConfigMapping.registerEndpointConfig,971,0.9569215774536133
asap,8B,java,wildfly/wildfly,JCAOrderedLastSynchronizationList.registerInterposedSynchronization,972,0.9236083030700684
asap,8B,java,wildfly/wildfly,JCAOrderedLastSynchronizationList.beforeCompletion,973,0.8525493144989014
asap,8B,java,wildfly/wildfly,DatabaseTimerPersistence.setNodeName,974,0.7971007227897644
asap,8B,java,wildfly/wildfly,ManagementUtil.convertSecurityRole,975,0.8741498589515686
asap,8B,java,wildfly/wildfly,TransportConfigOperationHandlers.processAcceptors,976,-0.7249665856361389
asap,8B,java,wildfly/wildfly,TransportConfigOperationHandlers.getParameters,977,0.9215911030769348
asap,8B,java,wildfly/wildfly,TransportConfigOperationHandlers.processConnectors,978,0.6908819675445557
asap,8B,java,wildfly/wildfly,BroadcastGroupDefinition.getAvailableConnectors,979,0.924079954624176
asap,8B,java,wildfly/wildfly,AddressSettingAdd.createSettings,980,0.947935938835144
asap,8B,java,wildfly/wildfly,AbstractActiveMQComponentControlHandler.getActiveMQComponentControl,981,0.8886721730232239
asap,8B,java,wildfly/wildfly,QueueDefinition.forwardToRuntimeQueue,982,0.7593645453453064
asap,8B,java,wildfly/wildfly,PooledConnectionFactoryRemove.removeJNDIAliases,983,0.7958783507347107
asap,8B,java,wildfly/wildfly,WildFlyBindingRegistry.lookup,984,0.9302500486373901
asap,8B,java,wildfly/wildfly,WildFlyBindingRegistry.unbind,985,0.8652932643890381
asap,8B,java,wildfly/wildfly,PooledConnectionFactoryDefinition.define,986,-0.3759598731994629
asap,8B,java,wildfly/wildfly,JMSBridgeAdd.resolveAttribute,987,0.9732214212417603
asap,8B,java,wildfly/wildfly,ManagementHelper.createAddOperation,988,0.779967725276947
asap,8B,java,wildfly/wildfly,WeldSubsystemAdd.checkJtsEnabled,989,0.8219014406204224
asap,8B,java,wildfly/wildfly,JacORBExtension.registerTransformers,990,0.945026159286499
asap,8B,java,wildfly/wildfly,AbstractFederationSubsystemReader.createSubsystemRoot,991,0.9838976263999939
asap,8B,java,wildfly/wildfly,AbstractFederationSubsystemReader.parseConfig,992,0.9353854656219482
asap,8B,java,wildfly/wildfly,SecurityActions.getDeclaredMethods,993,0.9015135765075684
asap,8B,java,wildfly/wildfly,SecurityActions.getDeclaredFields,994,0.8301577568054199
asap,8B,java,wildfly/wildfly,SecurityActions.getConstructor,995,0.9436968564987183
asap,8B,java,wildfly/wildfly,SecurityActions.getMethod,996,0.9680842161178589
asap,8B,java,wildfly/wildfly,StatefulSessionComponent.createSessionRemote,997,0.9387524724006653
asap,8B,java,wildfly/wildfly,MessagingTransformers.buildTransformers2_1_0,998,0.8849129676818848
asap,8B,java,wildfly/wildfly,DatabaseTimerPersistence.extractDialects,999,0.7244973182678223
asap,8B,java,floci-io/floci,MemoryDbService.validatePassword,1200,0.9518263339996338
asap,8B,java,floci-io/floci,TableDefinition.getTableId,1201,0.8881754875183105
asap,8B,java,floci-io/floci,FlociUiManager.status,1202,0.8982565999031067
asap,8B,java,floci-io/floci,FlociUiManager.resolveFlociEndpoint,1203,0.945173978805542
asap,8B,java,floci-io/floci,UiController.redirectUrl,1204,0.9470751285552979
asap,8B,java,floci-io/floci,CustomResourceResponseStore.register,1205,0.8031562566757202
asap,8B,java,floci-io/floci,CognitoMessageDispatcher.resolveDeliveryMediums,1206,0.7354442477226257
asap,8B,java,floci-io/floci,OpenSearchInstanceTypes.InstanceTypeSpec,1207,0.4988996982574463
asap,8B,java,floci-io/floci,LambdaLayerService.publishLayerVersion,1208,0.5088750123977661
asap,8B,java,floci-io/floci,LambdaLayerService.getLayerVersion,1209,0.9486076831817627
asap,8B,java,floci-io/floci,LambdaLayerService.deleteLayerVersion,1210,0.952279806137085
asap,8B,java,floci-io/floci,LambdaLayerStore.listVersions,1211,0.9564694166183472
asap,8B,java,floci-io/floci,LambdaLayerStore.deleteAll,1212,0.984548032283783
asap,8B,java,floci-io/floci,S3RequestParser.hasQueryParamInString,1213,0.9799200296401978
asap,8B,java,floci-io/floci,SqsService.normalizeQueueUrl,1214,0.945083498954773
asap,8B,java,floci-io/floci,S3Controller.appendPutObjectResponseHeaders,1215,0.9549075365066528
asap,8B,java,floci-io/floci,EcsLoadBalancerRegistrar.registerTask,1216,0.9183955192565918
asap,8B,java,floci-io/floci,GuardedMessageQueue.drainOne,1217,0.8790663480758667
asap,8B,java,floci-io/floci,BcmDataExportsService.accountIdFromArn,1218,0.9740256667137146
asap,8B,java,floci-io/floci,CurEmissionScheduler.runDaily,1219,0.8481162786483765
asap,8B,java,floci-io/floci,FlociDuckClient.resolveFlociEndpoint,1220,0.9093683362007141
asap,8B,java,floci-io/floci,DynamoDbReservedWords.check,1221,0.9570314288139343
asap,8B,java,floci-io/floci,ProjectionEvaluator.project,1222,0.872328519821167
asap,8B,java,floci-io/floci,TlsConfigSource.extractCustomHostnames,1223,0.9541847109794617
asap,8B,java,floci-io/floci,TlsConfigSource.resolveFlociVersion,1224,0.8280979990959167
asap,8B,java,floci-io/floci,TlsConfigSource.hostnameConfigChanged,1225,0.2505195140838623
asap,8B,java,floci-io/floci,AccountResolver.resolve,1226,0.9547411799430847
asap,8B,java,floci-io/floci,AccountResolver.extractAccessKeyId,1227,0.9672273993492126
asap,8B,java,floci-io/floci,EsmStore.listAll,1228,0.9268853664398193
asap,8B,java,floci-io/floci,WebSocketProxyEventBuilder.buildConnectEvent,1229,0.8964864015579224
asap,8B,java,floci-io/floci,WebSocketProxyEventBuilder.buildMessageEvent,1230,0.9262474179267883
asap,8B,java,floci-io/floci,WebSocketProxyEventBuilder.buildMessageEvent,1231,0.9640324115753174
asap,8B,java,floci-io/floci,WebSocketProxyEventBuilder.buildDisconnectEvent,1232,0.9262018203735352
asap,8B,java,floci-io/floci,WebSocketProxyEventBuilder.buildAuthorizerEvent,1233,0.9077078104019165
asap,8B,java,floci-io/floci,WebSocketIntegrationInvoker.IntegrationResult,1234,0.8238559365272522
asap,8B,java,floci-io/floci,RouteSelectionEvaluator.evaluate,1235,0.824918270111084
asap,8B,java,floci-io/floci,WebSocketRouteResolver.RouteResolution,1236,0.9016321897506714
asap,8B,java,floci-io/floci,WebSocketRouteResolver.resolve,1237,0.8851914405822754
asap,8B,java,floci-io/floci,WebSocketConnectionManager.register,1238,0.9923936724662781
asap,8B,java,floci-io/floci,WebSocketConnectionManager.unregister,1239,0.9913545846939087
asap,8B,java,floci-io/floci,WebSocketConnectionManager.sendMessage,1240,0.9755007028579712
asap,8B,java,floci-io/floci,WebSocketConnectionManager.updateLastActiveAt,1241,0.9429410696029663
asap,8B,java,floci-io/floci,WebSocketAuthorizerService.AuthorizerResult,1242,0.8510065078735352
asap,8B,java,floci-io/floci,WebSocketAuthorizerService.parseAuthorizerResponse,1243,0.926885187625885
asap,8B,java,floci-io/floci,WebSocketAuthorizerService.hasQueryParamValue,1244,0.9798355102539062
asap,8B,java,floci-io/floci,WebSocketHandler.init,1245,0.9846252202987671
asap,8B,java,floci-io/floci,WebSocketHandler.handleWebSocketUpgrade,1246,0.9437805414199829
asap,8B,java,floci-io/floci,WebSocketHandler.completeUpgradeWithHeaders,1247,0.9698526859283447
asap,8B,java,floci-io/floci,WebSocketHandler.scheduleIdleTimeout,1248,0.9044914841651917
asap,8B,java,floci-io/floci,WebSocketHandler.onMessage,1249,0.9851927757263184
asap,8B,java,floci-io/floci,WebSocketHandler.safeWriteTextMessage,1250,0.902213454246521
asap,8B,java,floci-io/floci,WebSocketHandler.extractQueryParams,1251,0.9449964165687561
asap,8B,java,floci-io/floci,WebSocketHandler.resolveRegionFromVertxRequest,1252,0.9703556895256042
asap,8B,java,floci-io/floci,ContainerStorageHelper.removeStorage,1253,0.9788423180580139
asap,8B,java,floci-io/floci,TextractService.buildGeometry,1254,0.9798061847686768
asap,8B,java,floci-io/floci,TextractService.buildRelationships,1255,0.8278838992118835
asap,8B,java,floci-io/floci,PortAllocator.release,1256,0.9275556206703186
asap,8B,java,floci-io/floci,DockerClientProducer.resolveEffectiveDockerHost,1257,-0.11115424335002899
asap,8B,java,floci-io/floci,ApiGatewayV2Service.parseArn,1258,0.8811997175216675
asap,8B,java,floci-io/floci,AwsArnUtils.Arn,1259,-0.47175636887550354
asap,8B,java,floci-io/floci,Ec2MetadataServer.registerContainer,1260,0.9542227387428284
asap,8B,java,floci-io/floci,Ec2MetadataServer.unregisterContainer,1261,0.9889203310012817
asap,8B,java,floci-io/floci,AmiImageResolver.resolve,1262,0.7731640338897705
asap,8B,java,floci-io/floci,Ec2ContainerManager.launch,1263,0.9878184795379639
asap,8B,java,floci-io/floci,Ec2ContainerManager.start,1264,0.9808562994003296
asap,8B,java,floci-io/floci,Ec2ContainerManager.reboot,1265,0.9921137094497681
asap,8B,java,floci-io/floci,CodeBuildRunner.copyArtifactsFromContainer,1266,0.9513014554977417
asap,8B,java,floci-io/floci,ContainerLifecycleManager.removeVolume,1267,0.9909879565238953
asap,8B,java,floci-io/floci,ContainerLifecycleManager.isContainerRunning,1268,0.94232177734375
asap,8B,java,floci-io/floci,FlociDuckManager.ensureReady,1269,0.6995198726654053
asap,8B,java,floci-io/floci,DynamoDbTableNames.requireShortName,1270,0.5868399739265442
asap,8B,java,floci-io/floci,SmtpRelay.relay,1271,0.9335265159606934
asap,8B,java,floci-io/floci,SmtpRelay.relayRaw,1272,0.7867683172225952
asap,8B,java,floci-io/floci,WarmPool.pushCodeUpdate,1273,0.6833498477935791
asap,8B,java,floci-io/floci,SqsService.parseDelaySecondsAttribute,1274,0.3680409789085388
asap,8B,java,floci-io/floci,ContainerLifecycleManager.startCreated,1275,0.9281967282295227
asap,8B,java,floci-io/floci,ContainerLifecycleManager.stopAndRemove,1276,0.8903552889823914
asap,8B,java,floci-io/floci,ContainerLifecycleManager.findByName,1277,0.9584531784057617
asap,8B,java,floci-io/floci,ContainerLifecycleManager.adopt,1278,0.8073558211326599
asap,8B,java,floci-io/floci,ContainerLifecycleManager.removeIfExists,1279,0.8777994513511658
asap,8B,java,floci-io/floci,ContainerLifecycleManager.ContainerInfo,1280,0.4671700596809387
asap,8B,java,floci-io/floci,ContainerLifecycleManager.EndpointInfo,1281,0.9621655941009521
asap,8B,java,floci-io/floci,PortAllocator.allocateAny,1282,0.9033620357513428
asap,8B,java,floci-io/floci,PortAllocator.isPortFree,1283,0.9704358577728271
asap,8B,java,floci-io/floci,ContainerLogStreamer.attach,1284,0.9241697192192078
asap,8B,java,floci-io/floci,ContainerLogStreamer.ensureLogGroupAndStream,1285,0.5683280229568481
asap,8B,java,floci-io/floci,LambdaConcurrencyLimiter.validateAndSetReserved,1286,0.8142505884170532
asap,8B,java,floci-io/floci,IamEnforcementFilter.accessDeniedResponse,1287,0.945487916469574
asap,8B,java,floci-io/floci,IamActionRegistry.resolve,1288,0.7398863434791565
asap,8B,java,floci-io/floci,IamService.registerSession,1289,0.9920436143875122
asap,8B,java,floci-io/floci,IamService.resolveCallerContext,1290,0.8328030705451965
asap,8B,java,floci-io/floci,S3ControlController.listTagsForResource,1291,0.9755358695983887
asap,8B,java,floci-io/floci,S3ControlController.tagResource,1292,0.8542033433914185
asap,8B,java,floci-io/floci,S3ControlController.untagResource,1293,0.986945390701294
asap,8B,java,floci-io/floci,S3ControlController.extractBucketName,1294,0.889976441860199
asap,8B,java,floci-io/floci,RegistryHttpClient.catalog,1295,0.9260980486869812
asap,8B,java,floci-io/floci,EcrRegistryManager.getProxyEndpoint,1296,0.9309225082397461
asap,8B,java,floci-io/floci,S3Controller.extractObjectKey,1297,0.9241231679916382
asap,8B,java,floci-io/floci,CognitoSrpHelper.generateServerB,1298,0.5488859415054321
asap,8B,java,floci-io/floci,CognitoSrpHelper.computeSessionKey,1299,0.8731364607810974
cara,8B,java,oblac/jodd,EmailUtil.isEmptyFlags,400,0.39112862944602966
cara,8B,java,oblac/jodd,Sockets.connect,401,0.9911781549453735
cara,8B,java,oblac/jodd,Sockets.connect,402,0.9894258975982666
cara,8B,java,oblac/jodd,BaseLoggableStatement.getQueryString,403,0.9206768274307251
cara,8B,java,oblac/jodd,ClassReader.readBootstrapMethodsAttribute,404,0.954383909702301
cara,8B,java,oblac/jodd,Frame.copyFrom,405,0.923251211643219
cara,8B,java,oblac/jodd,Type.getMethodDescriptor,406,0.9322580099105835
cara,8B,java,oblac/jodd,Type.appendDescriptor,407,0.8418138027191162
cara,8B,java,oblac/jodd,Type.getArgumentsAndReturnSizes,408,0.7135825157165527
cara,8B,java,oblac/jodd,BeanProperty.updateBean,409,-0.28617894649505615
cara,8B,java,oblac/jodd,StringUtil.detectQuoteChar,410,0.5066349506378174
cara,8B,java,oblac/jodd,DbEntitySql.findAll,411,0.7976917028427124
cara,8B,java,oblac/jodd,Cli.printUsage,412,-0.18383118510246277
cara,8B,java,oblac/jodd,ReceiverBuilder.get,413,0.7809821367263794
cara,8B,java,oblac/jodd,ProxettaAsmUtil.resolveJavaVersion,414,0.9683384895324707
cara,8B,java,oblac/jodd,ClassVisitor.visitNestHost,415,0.9447054862976074
cara,8B,java,oblac/jodd,ClassVisitor.visitNestMember,416,0.8667694926261902
cara,8B,java,oblac/jodd,ClassWriter.replaceAsmInstructions,417,0.9187527894973755
cara,8B,java,oblac/jodd,SymbolTable.addConstantDynamic,418,-0.15128445625305176
cara,8B,java,oblac/jodd,Format.formatParagraph,419,0.1477217972278595
cara,8B,java,oblac/jodd,Format.convertTabsToSpaces,420,0.16631664335727692
cara,8B,java,oblac/jodd,Format.escapeJava,421,0.26408275961875916
cara,8B,java,oblac/jodd,Format.unescapeJava,422,0.9712027311325073
cara,8B,java,oblac/jodd,Format.toCamelCase,423,0.9530563354492188
cara,8B,java,oblac/jodd,Format.toPrettyString,424,0.07945965230464935
cara,8B,java,oblac/jodd,JavaInfo.buildJrePackages,425,0.9852281808853149
cara,8B,java,oblac/jodd,SystemUtil.get,426,0.3335554897785187
cara,8B,java,oblac/jodd,SystemUtil.getBoolean,427,0.4314495623111725
cara,8B,java,oblac/jodd,SystemUtil.getInt,428,0.5494022369384766
cara,8B,java,oblac/jodd,SystemUtil.getLong,429,0.9378688335418701
cara,8B,java,oblac/jodd,Format.alignLeftAndPad,430,0.9756625890731812
cara,8B,java,oblac/jodd,Node.findChildNodeWithName,431,0.9940661787986755
cara,8B,java,oblac/jodd,Node.filterChildNodes,432,0.9524645805358887
cara,8B,java,oblac/jodd,AuthAction.tokenAsJson,433,0.9468407034873962
cara,8B,java,oblac/jodd,UserSession.stop,434,0.9722139239311218
cara,8B,java,oblac/jodd,UserSession.start,435,0.9723115563392639
cara,8B,java,oblac/jodd,AuthInterceptor.authenticateUserViaHttpSession,436,0.9926208257675171
cara,8B,java,oblac/jodd,AuthInterceptor.authenticateUserViaToken,437,0.9832553863525391
cara,8B,java,oblac/jodd,AuthInterceptor.authenticateUserViaBasicAuth,438,0.9754867553710938
cara,8B,java,oblac/jodd,ServletUtil.resolveAuthBearerToken,439,0.30204319953918457
cara,8B,java,oblac/jodd,WebApp.withActionConfig,440,0.9548579454421997
cara,8B,java,oblac/jodd,WebApp.configureDefaults,441,0.9842600226402283
cara,8B,java,oblac/jodd,ActionConfigManager.bindAnnotationConfig,442,0.9501290321350098
cara,8B,java,oblac/jodd,ActionConfigManager.registerNewActionConfiguration,443,0.9839044809341431
cara,8B,java,oblac/jodd,ActionConfigManager.lookup,444,0.9061431288719177
cara,8B,java,oblac/jodd,ActionConfigManager.with,445,0.9621692895889282
cara,8B,java,oblac/jodd,JsonResult.of,446,0.8898480534553528
cara,8B,java,oblac/jodd,TypeCache.createDefault,447,0.6960757374763489
cara,8B,java,oblac/jodd,DbOomQuery.preprocessSql,448,-0.43638309836387634
cara,8B,java,oblac/jodd,DbOomQuery.populateGeneratedKeys,449,0.9266737699508667
cara,8B,java,oblac/jodd,DbOom.connect,450,0.9328222274780273
cara,8B,java,oblac/jodd,TypeData.resolveRealName,451,0.9867231845855713
cara,8B,java,oblac/jodd,TypeData.resolveJsonName,452,0.9733681678771973
cara,8B,java,oblac/jodd,MailSession.setupSystemMailProperties,453,0.8807032704353333
cara,8B,java,oblac/jodd,BeanData.invokeInitMethods,454,0.9861076474189758
cara,8B,java,oblac/jodd,BeanData.callDestroyMethods,455,0.9151071310043335
cara,8B,java,oblac/jodd,BeanData.newBeanInstance,456,0.9845461845397949
cara,8B,java,oblac/jodd,BeanData.injectParams,457,0.9371307492256165
cara,8B,java,oblac/jodd,JoyMadvoc.printRoutes,458,0.7807232737541199
cara,8B,java,oblac/jodd,MethodWriter.endCurrentBasicBlockWithNoSuccessor,459,0.9235931634902954
cara,8B,java,oblac/jodd,MethodWriter.computeMethodInfoSize,460,-0.04730698838829994
cara,8B,java,oblac/jodd,MethodWriter.collectAttributePrototypes,461,0.9429463148117065
cara,8B,java,oblac/jodd,ByteVector.enlarge,462,0.9693106412887573
cara,8B,java,oblac/jodd,ClassReader.readStream,463,-0.39988961815834045
cara,8B,java,oblac/jodd,ClassReader.readLabel,464,-0.28801214694976807
cara,8B,java,oblac/jodd,ClassReader.readTypeAnnotations,465,0.9441422820091248
cara,8B,java,oblac/jodd,ClassReader.getTypeAnnotationBytecodeOffset,466,0.9201092720031738
cara,8B,java,oblac/jodd,ClassReader.readParameterAnnotations,467,0.910781979560852
cara,8B,java,oblac/jodd,ClassReader.readElementValues,468,-0.25346311926841736
cara,8B,java,oblac/jodd,ClassReader.readVerificationTypeInfo,469,0.9386244416236877
cara,8B,java,oblac/jodd,CurrentFrame.execute,470,0.758863091468811
cara,8B,java,oblac/jodd,ClassWriter.toByteArray,471,0.8394744396209717
cara,8B,java,oblac/jodd,ClassWriter.getAttributePrototypes,472,-0.20756158232688904
cara,8B,java,oblac/jodd,Frame.getAbstractTypeFromApiFormat,473,0.931006669998169
cara,8B,java,oblac/jodd,Frame.setInputFrameFromApiFormat,474,0.13437485694885254
cara,8B,java,oblac/jodd,Handler.removeRange,475,0.6838832497596741
cara,8B,java,oblac/jodd,Handler.getExceptionTableLength,476,0.7643807530403137
cara,8B,java,oblac/jodd,MethodVisitor.visitParameter,477,0.9541974067687988
cara,8B,java,oblac/jodd,MethodVisitor.visitAnnotation,478,0.9784556031227112
cara,8B,java,oblac/jodd,MethodVisitor.visitTypeAnnotation,479,0.9921826720237732
cara,8B,java,oblac/jodd,MethodVisitor.visitParameterAnnotation,480,0.9603197574615479
cara,8B,java,oblac/jodd,MethodVisitor.visitTypeInsn,481,0.9786469340324402
cara,8B,java,oblac/jodd,MethodVisitor.visitFieldInsn,482,-0.1860249936580658
cara,8B,java,oblac/jodd,MethodVisitor.visitMethodInsn,483,-0.5747610926628113
cara,8B,java,oblac/jodd,MethodVisitor.visitInvokeDynamicInsn,484,-0.5491551160812378
cara,8B,java,oblac/jodd,MethodVisitor.visitJumpInsn,485,0.9285464286804199
cara,8B,java,oblac/jodd,MethodVisitor.visitTableSwitchInsn,486,0.9850477576255798
cara,8B,java,oblac/jodd,MethodVisitor.visitLookupSwitchInsn,487,0.6851666569709778
cara,8B,java,oblac/jodd,MethodVisitor.visitMultiANewArrayInsn,488,0.8439253568649292
cara,8B,java,oblac/jodd,MethodVisitor.visitTryCatchBlock,489,-0.22395969927310944
cara,8B,java,oblac/jodd,MethodVisitor.visitLocalVariable,490,0.9047336578369141
cara,8B,java,oblac/jodd,MethodVisitor.visitLocalVariableAnnotation,491,0.9690713882446289
cara,8B,java,oblac/jodd,MethodVisitor.visitLineNumber,492,0.3097474277019501
cara,8B,java,oblac/jodd,SymbolTable.copyBootstrapMethods,493,0.823802649974823
cara,8B,java,oblac/jodd,SymbolTable.setMajorVersionAndClassName,494,0.9425420165061951
cara,8B,java,oblac/jodd,SymbolTable.putBootstrapMethods,495,0.5811642408370972
cara,8B,java,oblac/jodd,SymbolTable.addConstant,496,0.07468654215335846
cara,8B,java,oblac/jodd,SymbolTable.addConstantMethodref,497,0.8186275362968445
cara,8B,java,oblac/jodd,SymbolTable.addConstantMemberReference,498,0.012684546411037445
cara,8B,java,oblac/jodd,SymbolTable.addConstantMemberReference,499,0.918664813041687
cara,8B,java,orientechnologies/orientdb,OBinarySerializerFactory.getObjectSerializer,500,0.9518986940383911
cara,8B,java,orientechnologies/orientdb,OBinarySerializerFactory.getObjectSerializer,501,0.9076103568077087
cara,8B,java,orientechnologies/orientdb,ODatabaseImport.processBrokenRids,502,0.7323309779167175
cara,8B,java,orientechnologies/orientdb,OCommandExecutorSQLCreateIndex.execute,503,0.5248309969902039
cara,8B,java,orientechnologies/orientdb,OCommandExecutorSQLInsert.execute,504,-0.803233802318573
cara,8B,java,orientechnologies/orientdb,OClientConnectionManager.connect,505,0.9572546482086182
cara,8B,java,orientechnologies/orientdb,OClientConnectionManager.connect,506,-0.11468082666397095
cara,8B,java,orientechnologies/orientdb,OClientConnectionManager.getConnection,507,0.9862027168273926
cara,8B,java,orientechnologies/orientdb,OClientConnectionManager.kill,508,0.9483299255371094
cara,8B,java,orientechnologies/orientdb,OClientConnectionManager.interrupt,509,0.8138920664787292
cara,8B,java,orientechnologies/orientdb,OClientConnectionManager.disconnect,510,0.11682523787021637
cara,8B,java,orientechnologies/orientdb,OClientConnectionManager.pushDistribCfg2Clients,511,0.8956649303436279
cara,8B,java,orientechnologies/orientdb,FrequencySketch.reset,512,0.966629147529602
cara,8B,java,orientechnologies/orientdb,FrequencySketch.indexOf,513,0.35191988945007324
cara,8B,java,orientechnologies/orientdb,FrequencySketch.spread,514,0.7638113498687744
cara,8B,java,orientechnologies/orientdb,StripedBuffer.advanceProbe,515,0.9572132229804993
cara,8B,java,orientechnologies/orientdb,Orient.initShutdownQueue,516,0.8401761054992676
cara,8B,java,orientechnologies/orientdb,Orient.getEngine,517,-0.6910656690597534
cara,8B,java,orientechnologies/orientdb,OClusterBasedStorageConfiguration.toStream,518,0.6919137835502625
cara,8B,java,orientechnologies/orientdb,OHttpResponse.compress,519,0.9192875623703003
cara,8B,java,orientechnologies/orientdb,OStorageRemote.command,520,0.9712493419647217
cara,8B,java,orientechnologies/orientdb,OStorageRemote.endRequest,521,0.9410432577133179
cara,8B,java,orientechnologies/orientdb,OStorageRemote.addHost,522,0.9242223501205444
cara,8B,java,orientechnologies/orientdb,OStorageRemote.beginRequest,523,0.9782276153564453
cara,8B,java,orientechnologies/orientdb,OStorageConfigurationImpl.load,524,0.9641569256782532
cara,8B,java,orientechnologies/orientdb,OStorageConfigurationImpl.toStream,525,0.9066887497901917
cara,8B,java,orientechnologies/orientdb,OSBTreeBucketSingleValue.getValue,526,0.9536261558532715
cara,8B,java,orientechnologies/orientdb,Bucket.getValues,527,0.8997936248779297
cara,8B,java,orientechnologies/orientdb,Bucket.getValues,528,0.8873570561408997
cara,8B,java,orientechnologies/orientdb,OIndexFullText.put,529,0.7614513039588928
cara,8B,java,orientechnologies/orientdb,OIndexFullText.remove,530,0.9292565584182739
cara,8B,java,orientechnologies/orientdb,OIndexManagerShared.createIndex,531,-0.40844109654426575
cara,8B,java,orientechnologies/orientdb,OIndexManagerShared.toStream,532,0.8926706910133362
cara,8B,java,orientechnologies/orientdb,ODatabaseDocumentAbstract.delete,533,0.9926027059555054
cara,8B,java,orientechnologies/orientdb,ODatabaseDocumentAbstract.callbackHooks,534,-0.31088167428970337
cara,8B,java,orientechnologies/orientdb,ODatabaseDocumentAbstract.delete,535,0.9509440660476685
cara,8B,java,orientechnologies/orientdb,ODatabaseDocumentAbstract.executeHideRecord,536,0.8859942555427551
cara,8B,java,orientechnologies/orientdb,ODatabaseDocumentAbstract.countView,537,0.908596932888031
cara,8B,java,orientechnologies/orientdb,ODatabaseDocumentAbstract.countClass,538,0.9368261098861694
cara,8B,java,orientechnologies/orientdb,ODatabaseDocumentAbstract.activateOnCurrentThread,539,0.8520843386650085
cara,8B,java,orientechnologies/orientdb,OSecurityShared.authenticate,540,-0.0501902736723423
cara,8B,java,orientechnologies/orientdb,OSecurityShared.createMetadata,541,-0.7518286108970642
cara,8B,java,orientechnologies/orientdb,OFileClassic.create,542,-0.5990087389945984
cara,8B,java,orientechnologies/orientdb,OFileClassic.checkRegions,543,0.8254297375679016
cara,8B,java,orientechnologies/orientdb,OFileClassic.replaceContentWith,544,0.898474395275116
cara,8B,java,orientechnologies/orientdb,ONodeManager.initReceiveMessages,545,0.9406670331954956
cara,8B,java,orientechnologies/orientdb,ONodeManager.initDiscoveryPing,546,0.6564134955406189
cara,8B,java,orientechnologies/orientdb,ONodeManager.initCheckDisconnect,547,0.67447429895401
cara,8B,java,orientechnologies/orientdb,ONodeManager.initCheckLeader,548,0.8401933312416077
cara,8B,java,orientechnologies/orientdb,ODistributedAbstractPlugin.executeOnLocalNode,549,-0.714415967464447
cara,8B,java,orientechnologies/orientdb,ODistributedAbstractPlugin.getNodesWithStatus,550,0.7965313792228699
cara,8B,java,orientechnologies/orientdb,ODistributedAbstractPlugin.installDatabaseFromNetwork,551,0.9872796535491943
cara,8B,java,orientechnologies/orientdb,OConflictResolverDatabaseRepairer.cancelRepairRecord,552,0.985429048538208
cara,8B,java,orientechnologies/orientdb,OConflictResolverDatabaseRepairer.enqueueRepairCluster,553,0.7838794589042664
cara,8B,java,orientechnologies/orientdb,ODistributedDatabaseImpl.processRequest,554,-0.4958075284957886
cara,8B,java,orientechnologies/orientdb,OAbstract2pcTask.getPartitionKey,555,-0.07455553859472275
cara,8B,java,orientechnologies/orientdb,OSequenceCached.nextWithNewCurrentValue,556,-0.1394878625869751
cara,8B,java,orientechnologies/orientdb,ScalableRWLock.addState,557,0.9611994624137878
cara,8B,java,orientechnologies/orientdb,OPrefixBTreeBucket.getValue,558,0.9038336277008057
cara,8B,java,orientechnologies/orientdb,OEmbeddedRidBag.swap,559,0.9119642972946167
cara,8B,java,orientechnologies/orientdb,ODatabaseDocumentRemote.executeReadRecord,560,-0.5424800515174866
cara,8B,java,orientechnologies/orientdb,OJson.toObjectDetermineType,561,0.8843833208084106
cara,8B,java,orientechnologies/orientdb,JPAHandler.characters,562,0.9584144353866577
cara,8B,java,orientechnologies/orientdb,OScriptExecutionPlan.executeFull,563,-0.5990104079246521
cara,8B,java,orientechnologies/orientdb,OObjectProxyMethodHandler.detach,564,0.8694635033607483
cara,8B,java,orientechnologies/orientdb,OObjectProxyMethodHandler.attach,565,0.9109852910041809
cara,8B,java,orientechnologies/orientdb,ONative.getOpenFilesLimit,566,0.121450275182724
cara,8B,java,orientechnologies/orientdb,SpatialQueryBuilderOverlap.build,567,-0.6585350632667542
cara,8B,java,orientechnologies/orientdb,OLuceneSpatialOperator.evaluateRecord,568,0.7856714725494385
cara,8B,java,orientechnologies/orientdb,OSelectExecutionPlanner.findPrefixes,569,0.9548619389533997
cara,8B,java,orientechnologies/orientdb,ORecordSerializerBinaryV1.getFieldSizeAndTypeFromCurrentPosition,570,0.8971160650253296
cara,8B,java,orientechnologies/orientdb,OSelectExecutionPlanner.requiresMultipleIndexLookups,571,0.22004516422748566
cara,8B,java,orientechnologies/orientdb,ORecordSerializerBinaryV0.getPositionsFromEmbeddedCollection,572,0.8212634325027466
cara,8B,java,orientechnologies/orientdb,OAtomicOperation.checkChangesFilledUpTo,573,0.8772922158241272
cara,8B,java,orientechnologies/orientdb,OExecutionPlanCache.get,574,-0.6954261064529419
cara,8B,java,orientechnologies/orientdb,ODatabaseDocumentEmbedded.executeDeleteRecord,575,0.07199496030807495
cara,8B,java,orientechnologies/orientdb,OPropertyEmbedded.setTypeInternal,576,0.2404012680053711
cara,8B,java,orientechnologies/orientdb,OHazelcastPlugin.initSystemDatabase,577,0.929932713508606
cara,8B,java,orientechnologies/orientdb,OReadersWriterSpinLock.tryAcquireReadLock,578,0.9709004759788513
cara,8B,java,orientechnologies/orientdb,OAbstractPaginatedStorage.handleJVMError,579,0.8240987062454224
cara,8B,java,orientechnologies/orientdb,OETLContext.printExceptionStackTrace,580,0.9912431240081787
cara,8B,java,orientechnologies/orientdb,OFileManager.buildJsonFromFile,581,0.9307041168212891
cara,8B,java,orientechnologies/orientdb,ODistributedResponseManagerImpl.collectResponse,582,-0.3665235936641693
cara,8B,java,orientechnologies/orientdb,ODistributedResponseManagerImpl.waitForSynchronousResponses,583,0.04171651601791382
cara,8B,java,orientechnologies/orientdb,ODistributedResponseManagerImpl.getMissingNodes,584,0.7962663769721985
cara,8B,java,orientechnologies/orientdb,ODistributedResponseManagerImpl.getConflictResponses,585,0.9812425374984741
cara,8B,java,orientechnologies/orientdb,ODistributedResponseManagerImpl.getBestResponsesGroup,586,0.8364930152893066
cara,8B,java,orientechnologies/orientdb,ODistributedResponseManagerImpl.computeQuorumResponse,587,0.9107731580734253
cara,8B,java,orientechnologies/orientdb,ODistributedResponseManagerImpl.getReceivedResponses,588,-0.41747570037841797
cara,8B,java,orientechnologies/orientdb,OETLJob.status,589,0.5330843925476074
cara,8B,java,orientechnologies/orientdb,OETLHandler.executeImport,590,-0.6134440898895264
cara,8B,java,orientechnologies/orientdb,OETLHandler.status,591,-0.22802408039569855
cara,8B,java,orientechnologies/orientdb,OWALSegmentCache.truncate,592,0.842051088809967
cara,8B,java,orientechnologies/orientdb,ODirtyManager.mergeSet,593,-0.3385932147502899
cara,8B,java,orientechnologies/orientdb,OAbstractPaginatedStorage.preallocateRids,594,-0.5873706340789795
cara,8B,java,orientechnologies/orientdb,OFileUtils.atomicMoveWithFallback,595,0.13423335552215576
cara,8B,java,orientechnologies/orientdb,OFileUtils.prepareForFileCreationOrReplacement,596,0.9031441807746887
cara,8B,java,orientechnologies/orientdb,OMicroTransaction.commit,597,-0.042151495814323425
cara,8B,java,orientechnologies/orientdb,OMicroTransaction.rollback,598,0.9705445170402527
cara,8B,java,orientechnologies/orientdb,OMicroTransaction.updateIdentityAfterRecordCommit,599,-0.2227858603000641
cara,8B,java,real-logic/aeron,ClusterMember.determineMember,600,-0.11788023263216019
cara,8B,java,real-logic/aeron,SamplesUtil.mapCounters,601,0.7213850021362305
cara,8B,java,real-logic/aeron,BacklogStat.snapshot,602,-0.35850659012794495
cara,8B,java,real-logic/aeron,CommonContext.requestDriverTermination,603,0.8917679786682129
cara,8B,java,real-logic/aeron,TerminateDriverFlyweight.tokenBuffer,604,0.7963958978652954
cara,8B,java,real-logic/aeron,RecordingLog.findLastTerm,605,0.8402842879295349
cara,8B,java,real-logic/aeron,SamplesUtil.mapExistingFileReadOnly,606,0.8090115189552307
cara,8B,java,real-logic/aeron,HeaderFlyweight.flagsToChars,607,0.8590071201324463
cara,8B,java,real-logic/aeron,Configuration.validateUnblockTimeout,608,0.37848007678985596
cara,8B,java,real-logic/aeron,ReplayMerge.close,609,0.282198429107666
cara,8B,java,real-logic/aeron,ReplayMerge.doWork,610,0.26866409182548523
cara,8B,java,real-logic/aeron,Configuration.validateSessionIdRange,611,0.985727071762085
cara,8B,java,real-logic/aeron,RecordingSubscriptionDescriptorPoller.reset,612,0.3493199050426483
cara,8B,java,real-logic/aeron,ArchiveProxy.listRecordingSubscriptions,613,0.9638781547546387
cara,8B,java,real-logic/aeron,ClusterMember.hasActiveQuorum,614,0.933952808380127
cara,8B,java,real-logic/aeron,ConcurrentPublication.offer,615,0.04771905764937401
cara,8B,java,real-logic/aeron,Publication.offer,616,0.7910968661308289
cara,8B,java,real-logic/aeron,ExclusivePublication.offer,617,0.07679103314876556
cara,8B,java,real-logic/aeron,ExclusiveTermAppender.appendUnfragmentedMessage,618,0.9402298927307129
cara,8B,java,real-logic/aeron,ArchiveProxy.truncateRecording,619,0.955507218837738
cara,8B,java,real-logic/aeron,ArchiveProxy.getStopPosition,620,0.8763947486877441
cara,8B,java,real-logic/aeron,AeronArchive.getStopPosition,621,0.8475651741027832
cara,8B,java,real-logic/aeron,RecordingLog.createRecoveryPlan,622,-0.6245172023773193
cara,8B,java,real-logic/aeron,ClusterMember.validateMemberEndpoints,623,0.9670770168304443
cara,8B,java,real-logic/aeron,ClusterMember.areSameEndpoints,624,0.34975433349609375
cara,8B,java,real-logic/aeron,ClusterMember.encodeAsString,625,0.9466227293014526
cara,8B,java,real-logic/aeron,ClusterMember.isNotDuplicateEndpoints,626,0.9660243391990662
cara,8B,java,real-logic/aeron,ClusterMember.findMemberIndex,627,0.9362479448318481
cara,8B,java,real-logic/aeron,ClusterMember.removeMember,628,0.9584029912948608
cara,8B,java,real-logic/aeron,ClusterMember.highMemberId,629,0.8928225040435791
cara,8B,java,real-logic/aeron,AeronCluster.offer,630,0.7081916928291321
cara,8B,java,real-logic/aeron,ChannelUri.initialPosition,631,0.243527352809906
cara,8B,java,real-logic/aeron,ClusterMember.compareLog,632,0.839798092842102
cara,8B,java,real-logic/aeron,ClusterMember.compareLog,633,0.46557772159576416
cara,8B,java,real-logic/aeron,ChannelUriStringBuilder.initialPosition,634,0.2792838215827942
cara,8B,java,real-logic/aeron,ChannelUri.channelTag,635,0.42097142338752747
cara,8B,java,real-logic/aeron,ChannelUri.entityTag,636,0.35140541195869446
cara,8B,java,real-logic/aeron,ChannelUri.getTag,637,0.500937819480896
cara,8B,java,real-logic/aeron,RecoveryState.getSnapshotRecordingId,638,0.8966280817985535
cara,8B,java,real-logic/aeron,UdpChannel.matchesTag,639,0.3762584924697876
cara,8B,java,real-logic/aeron,PublicationImage.addDestination,640,0.09987517446279526
cara,8B,java,real-logic/aeron,StreamStat.snapshot,641,-0.2948000133037567
cara,8B,java,real-logic/aeron,HeartbeatStatus.allocate,642,0.906440794467926
cara,8B,java,real-logic/aeron,ClusterMember.reset,643,0.4370800852775574
cara,8B,java,real-logic/aeron,ClusterMember.isQuorumCandidate,644,0.9738168120384216
cara,8B,java,real-logic/aeron,ClusterMember.isUnanimousCandidate,645,0.9665522575378418
cara,8B,java,real-logic/aeron,ArchiveProxy.tryConnect,646,0.7785503268241882
cara,8B,java,real-logic/aeron,ArchiveProxy.findLastMatchingRecording,647,0.049104418605566025
cara,8B,java,real-logic/aeron,AeronArchive.truncateRecording,648,0.9613490700721741
cara,8B,java,real-logic/aeron,ArchiveProxy.getRecordingPosition,649,0.9300652742385864
cara,8B,java,real-logic/aeron,AeronArchive.findLastMatchingRecording,650,-0.02034953236579895
cara,8B,java,real-logic/aeron,ServiceHeartbeat.allocate,651,0.8906176090240479
cara,8B,java,real-logic/aeron,ServiceHeartbeat.findCounterId,652,0.8378921151161194
cara,8B,java,real-logic/aeron,ClusterMember.hasWonVoteOnFullCount,653,0.9653584361076355
cara,8B,java,real-logic/aeron,ClusterMember.hasMajorityVote,654,0.9727301001548767
cara,8B,java,real-logic/aeron,ClusterMember.addMemberStatusPublications,655,-0.11661981791257858
cara,8B,java,real-logic/aeron,ClusterMember.closeMemberPublications,656,0.9421834945678711
cara,8B,java,real-logic/aeron,ClusterMember.resetLogPositions,657,0.9741657972335815
cara,8B,java,real-logic/aeron,ClusterMember.haveVotersReachedPosition,658,0.9346468448638916
cara,8B,java,real-logic/aeron,ChannelUriStringBuilder.linger,659,0.86867356300354
cara,8B,java,real-logic/aeron,RecordingLog.tombstoneEntry,660,0.8651242256164551
cara,8B,java,real-logic/aeron,ClusterMember.quorumPosition,661,0.7666032910346985
cara,8B,java,real-logic/aeron,ArchiveProxy.extendRecording,662,0.9389888048171997
cara,8B,java,real-logic/aeron,ChannelUri.addSessionId,663,0.9196431636810303
cara,8B,java,real-logic/aeron,ClusterNodeRole.findCounterId,664,0.9293910264968872
cara,8B,java,real-logic/aeron,RecordingPos.isActive,665,0.960330069065094
cara,8B,java,real-logic/aeron,RecordingLog.createRecoveryPlan,666,-0.7040883302688599
cara,8B,java,real-logic/aeron,RecoveryState.hasReplay,667,0.9895917177200317
cara,8B,java,real-logic/aeron,RecordingLog.reload,668,-0.05845440551638603
cara,8B,java,real-logic/aeron,RecoveryState.allocate,669,0.09637592732906342
cara,8B,java,real-logic/aeron,ClusteredServiceContainer.main,670,0.7239569425582886
cara,8B,java,real-logic/aeron,RecordingPos.findCounterIdByRecording,671,0.8538274765014648
cara,8B,java,real-logic/aeron,RecordingPos.findCounterIdBySession,672,0.8928673267364502
cara,8B,java,real-logic/aeron,ArchiveProxy.listRecording,673,0.5846607685089111
cara,8B,java,real-logic/aeron,ClusterControl.findControlToggle,674,0.8994688391685486
cara,8B,java,real-logic/aeron,RecordingLog.appendTerm,675,-0.05043762922286987
cara,8B,java,real-logic/aeron,RecordingLog.appendSnapshot,676,-0.06486137211322784
cara,8B,java,real-logic/aeron,RecordingLog.commitLogPosition,677,0.8329962491989136
cara,8B,java,real-logic/aeron,RecordingPos.getRecordingId,678,0.25917452573776245
cara,8B,java,real-logic/aeron,ArchiveProxy.stopReplay,679,0.9763662815093994
cara,8B,java,real-logic/aeron,AeronArchive.stopReplay,680,0.9782166481018066
cara,8B,java,real-logic/aeron,RecordingDescriptorPoller.reset,681,0.37259960174560547
cara,8B,java,real-logic/aeron,ClientSession.offer,682,0.801243782043457
cara,8B,java,real-logic/aeron,CounterMessageFlyweight.keyBuffer,683,0.854425311088562
cara,8B,java,real-logic/aeron,CounterMessageFlyweight.labelBuffer,684,0.8167198896408081
cara,8B,java,real-logic/aeron,ConcurrentPublication.offer,685,0.5278786420822144
cara,8B,java,real-logic/aeron,AeronCluster.close,686,0.31348738074302673
cara,8B,java,real-logic/aeron,StatusUtil.sendChannelStatus,687,0.5638414621353149
cara,8B,java,real-logic/aeron,StatusUtil.receiveChannelStatus,688,-0.16071198880672455
cara,8B,java,real-logic/aeron,LogBufferDescriptor.checkPageSize,689,0.8521941900253296
cara,8B,java,real-logic/aeron,Configuration.validatePageSize,690,0.8716692924499512
cara,8B,java,real-logic/aeron,LogBufferDescriptor.casRawTail,691,0.4163806140422821
cara,8B,java,real-logic/aeron,ExclusivePublication.offer,692,0.6071285605430603
cara,8B,java,real-logic/aeron,ExclusiveTermAppender.appendFragmentedMessage,693,0.1808944195508957
cara,8B,java,real-logic/aeron,DirectBufferVector.validateAndComputeLength,694,0.8473541140556335
cara,8B,java,real-logic/aeron,DirectBufferVector.reset,695,0.5248273611068726
cara,8B,java,real-logic/aeron,ClusteredMediaDriver.main,696,0.6127404570579529
cara,8B,java,real-logic/aeron,DirectBufferVector.validate,697,0.9565669298171997
cara,8B,java,real-logic/aeron,UdpChannel.description,698,0.6667092442512512
cara,8B,java,real-logic/aeron,Configuration.validateSocketBufferLengths,699,0.9581943154335022
cara,8B,java,spring-projects/spring-security,CurrentSecurityContextArgumentResolver.resolveArgument,700,-0.3995647728443146
cara,8B,java,spring-projects/spring-security,CurrentSecurityContextArgumentResolver.isInvalidType,701,0.964027464389801
cara,8B,java,spring-projects/spring-security,DefaultOAuth2AuthorizationRequestResolver.addPkceParameters,702,-0.1834910660982132
cara,8B,java,spring-projects/spring-security,JwtGrantedAuthoritiesConverter.convert,703,0.8705177903175354
cara,8B,java,spring-projects/spring-security,NimbusJwtDecoder.decode,704,0.06786759942770004
cara,8B,java,spring-projects/spring-security,HttpSecurity.oauth2Client,705,0.9603505730628967
cara,8B,java,spring-projects/spring-security,ActiveDirectoryLdapAuthenticationProvider.setContextEnvironmentProperties,706,0.987755537033081
cara,8B,java,spring-projects/spring-security,AbstractAuthenticationFilterConfigurer.updateAccessDefaults,707,0.8702178001403809
cara,8B,java,spring-projects/spring-security,ReactiveRemoteJWKSource.getJWKSet,708,0.3228355646133423
cara,8B,java,spring-projects/spring-security,AbstractAuthenticationTargetUrlRequestHandler.determineTargetUrl,709,0.17615123093128204
cara,8B,java,spring-projects/spring-security,SpringSecurityCoreVersion.getSpringVersion,710,-0.47778478264808655
cara,8B,java,spring-projects/spring-security,HttpSecurity.oauth2ResourceServer,711,0.9895366430282593
cara,8B,java,spring-projects/spring-security,OAuth2ClientConfigurer.clientRegistrationRepository,712,0.9181848764419556
cara,8B,java,spring-projects/spring-security,LdapShaPasswordEncoder.extractPrefix,713,0.07899412512779236
cara,8B,java,spring-projects/spring-security,MessageDigestPasswordEncoder.encode,714,0.9896971583366394
cara,8B,java,spring-projects/spring-security,MessageDigestPasswordEncoder.matches,715,0.41460955142974854
cara,8B,java,spring-projects/spring-security,DefaultLoginPageGeneratingFilter.setResolveHiddenInputs,716,0.7188274264335632
cara,8B,java,spring-projects/spring-security,ImplicitGrantConfigurer.clientRegistrationRepository,717,0.9390011429786682
cara,8B,java,spring-projects/spring-security,UserDetailsResourceFactoryBean.fromString,718,0.9376003742218018
cara,8B,java,spring-projects/spring-security,AclClassIdUtils.identifierFrom,719,0.8569812774658203
cara,8B,java,spring-projects/spring-security,Base64.getDecodabet,720,0.6373960375785828
cara,8B,java,spring-projects/spring-security,SecurityJackson2Modules.createWhitelistedDefaultTyping,721,0.965448260307312
cara,8B,java,spring-projects/spring-security,ServerWebExchangeMatchers.pathMatchers,722,0.46593040227890015
cara,8B,java,spring-projects/spring-security,ServerWebExchangeMatchers.anyExchange,723,-0.16545838117599487
cara,8B,java,spring-projects/spring-security,OAuth2LoginConfigurer.clientRegistrationRepository,724,0.952279806137085
cara,8B,java,spring-projects/spring-security,WebSecurityConfigurerAdapter.createSharedObjects,725,-0.6572083234786987
cara,8B,java,spring-projects/spring-security,Pbkdf2PasswordEncoder.matches,726,0.8918915390968323
cara,8B,java,spring-projects/spring-security,LazyCsrfTokenRepository.generateToken,727,0.3487139344215393
cara,8B,java,spring-projects/spring-security,AbstractPreAuthenticatedProcessingFilter.principalChanged,728,0.2787887752056122
cara,8B,java,spring-projects/spring-security,MethodSecurityMetadataSourceAdvisorRegistrar.registerBeanDefinitions,729,-0.44498780369758606
cara,8B,java,spring-projects/spring-security,OnCommittedResponseWrapper.checkContentLength,730,0.10199150443077087
cara,8B,java,spring-projects/spring-security,Encryptors.queryableText,731,-0.3740503489971161
cara,8B,java,spring-projects/spring-security,CipherUtils.newSecretKey,732,0.9108645915985107
cara,8B,java,spring-projects/spring-security,CipherUtils.newCipher,733,0.95160973072052
cara,8B,java,spring-projects/spring-security,CipherUtils.getParameterSpec,734,0.9440033435821533
cara,8B,java,spring-projects/spring-security,CipherUtils.initCipher,735,-0.5809262990951538
cara,8B,java,spring-projects/spring-security,CipherUtils.initCipher,736,0.9585539102554321
cara,8B,java,spring-projects/spring-security,EncodingUtils.concatenate,737,0.837424099445343
cara,8B,java,spring-projects/spring-security,EncodingUtils.subArray,738,0.2524864673614502
cara,8B,java,spring-projects/spring-security,Utf8.decode,739,0.9854000806808472
cara,8B,java,spring-projects/spring-security,FilterChainProxy.getFilters,740,-0.4749000072479248
cara,8B,java,spring-projects/spring-security,FilterChainProxy.getFilters,741,0.913057804107666
cara,8B,java,spring-projects/spring-security,XFrameOptionsHeaderWriter.writeHeaders,742,0.8608832359313965
cara,8B,java,spring-projects/spring-security,AbstractSecurityWebApplicationInitializer.insertSpringSecurityFilterChain,743,0.9085400104522705
cara,8B,java,spring-projects/spring-security,FastHttpDateFormat.getCurrentDate,744,0.4817800223827362
cara,8B,java,spring-projects/spring-security,FastHttpDateFormat.internalParseDate,745,0.9508395195007324
cara,8B,java,spring-projects/spring-security,FastHttpDateFormat.updateCache,746,0.7448910474777222
cara,8B,java,spring-projects/spring-security,HttpSessionRequestCache.saveRequest,747,0.8845629096031189
cara,8B,java,spring-projects/spring-security,DefaultSavedRequest.getRedirectUrl,748,0.9727904796600342
cara,8B,java,spring-projects/spring-security,UrlUtils.buildRequestUrl,749,0.02005136013031006
cara,8B,java,spring-projects/spring-security,UrlUtils.isAbsoluteUrl,750,0.9315837025642395
cara,8B,java,spring-projects/spring-security,ThrowableAnalyzer.getRegisteredTypes,751,0.7110713720321655
cara,8B,java,spring-projects/spring-security,ThrowableAnalyzer.extractCause,752,-0.4457600712776184
cara,8B,java,spring-projects/spring-security,RegexRequestMatcher.valueOf,753,-0.17948679625988007
cara,8B,java,spring-projects/spring-security,SimpleUrlAuthenticationFailureHandler.setDefaultFailureUrl,754,0.394819051027298
cara,8B,java,spring-projects/spring-security,Http403ForbiddenEntryPoint.commence,755,0.6715365052223206
cara,8B,java,spring-projects/spring-security,LoginUrlAuthenticationEntryPoint.buildHttpsRedirectUrlForRequest,756,-0.16905419528484344
cara,8B,java,spring-projects/spring-security,SimpleUrlAuthenticationSuccessHandler.clearAuthenticationAttributes,757,0.913399338722229
cara,8B,java,spring-projects/spring-security,UsernamePasswordAuthenticationFilter.setDetails,758,0.8720327019691467
cara,8B,java,spring-projects/spring-security,AbstractAuthenticationTargetUrlRequestHandler.determineTargetUrl,759,0.11187680810689926
cara,8B,java,spring-projects/spring-security,AbstractAuthenticationTargetUrlRequestHandler.setTargetUrlParameter,760,0.8542815446853638
cara,8B,java,spring-projects/spring-security,PersistentTokenBasedRememberMeServices.processAutoLoginCookie,761,-0.27735885977745056
cara,8B,java,spring-projects/spring-security,PersistentTokenBasedRememberMeServices.onLoginSuccess,762,0.9470818638801575
cara,8B,java,spring-projects/spring-security,AbstractRememberMeServices.extractRememberMeCookie,763,0.9324814081192017
cara,8B,java,spring-projects/spring-security,AbstractRememberMeServices.encodeCookie,764,0.9858485460281372
cara,8B,java,spring-projects/spring-security,AbstractRememberMeServices.setCookie,765,0.31181204319000244
cara,8B,java,spring-projects/spring-security,AbstractPreAuthenticatedProcessingFilter.afterPropertiesSet,766,0.8592240810394287
cara,8B,java,spring-projects/spring-security,AbstractPreAuthenticatedProcessingFilter.doFilter,767,-0.3955352008342743
cara,8B,java,spring-projects/spring-security,AbstractPreAuthenticatedProcessingFilter.doAuthenticate,768,0.9550929069519043
cara,8B,java,spring-projects/spring-security,J2eePreAuthenticatedProcessingFilter.getPreAuthenticatedPrincipal,769,0.983981728553772
cara,8B,java,spring-projects/spring-security,WebSpherePreAuthenticatedWebAuthenticationDetailsSource.getWebSphereGroupsBasedGrantedAuthorities,770,0.13927540183067322
cara,8B,java,spring-projects/spring-security,WebSpherePreAuthenticatedProcessingFilter.getPreAuthenticatedPrincipal,771,0.9840840697288513
cara,8B,java,spring-projects/spring-security,DefaultWASUsernameAndGroupsExtractor.getSecurityName,772,0.9844688177108765
cara,8B,java,spring-projects/spring-security,DefaultWASUsernameAndGroupsExtractor.getWebSphereGroups,773,0.9173415899276733
cara,8B,java,spring-projects/spring-security,ConcurrentSessionControlAuthenticationStrategy.onAuthentication,774,0.7398293614387512
cara,8B,java,spring-projects/spring-security,ConcurrentSessionControlAuthenticationStrategy.allowableSessionsExceeded,775,0.036288630217313766
cara,8B,java,spring-projects/spring-security,RegisterSessionAuthenticationStrategy.onAuthentication,776,0.9093033075332642
cara,8B,java,spring-projects/spring-security,BasicAuthenticationFilter.extractAndDecodeHeader,777,0.9618380665779114
cara,8B,java,spring-projects/spring-security,SwitchUserFilter.attemptSwitchUser,778,-0.1501963585615158
cara,8B,java,spring-projects/spring-security,SwitchUserFilter.attemptExitUser,779,-0.28510674834251404
cara,8B,java,spring-projects/spring-security,SwitchUserFilter.setExitUserUrl,780,0.9698715209960938
cara,8B,java,spring-projects/spring-security,DataSourcePopulator.createSampleData,781,-0.6641668677330017
cara,8B,java,spring-projects/spring-security,DocumentDaoImpl.getDirectoryWithImmediateParentPopulated,782,-0.34525901079177856
cara,8B,java,spring-projects/spring-security,AdminPermissionController.displayAdminPage,783,-0.09252944588661194
cara,8B,java,spring-projects/spring-security,AdminPermissionController.displayAddPermissionPageForContact,784,0.07579994201660156
cara,8B,java,spring-projects/spring-security,AdminPermissionController.addPermission,785,-0.012462876737117767
cara,8B,java,spring-projects/spring-security,AdminPermissionController.deletePermission,786,0.4166400134563446
cara,8B,java,spring-projects/spring-security,AddDeleteContactController.addContact,787,0.11457893252372742
cara,8B,java,spring-projects/spring-security,ContactManagerBackend.getRandomContact,788,0.9664477705955505
cara,8B,java,spring-projects/spring-security,SpringSecurityCoreVersion.disableChecks,789,0.7979857325553894
cara,8B,java,spring-projects/spring-security,AnnotationParameterNameDiscoverer.lookupParameterNames,790,0.9621568918228149
cara,8B,java,spring-projects/spring-security,AuthorityUtils.authorityListToSet,791,0.7889432907104492
cara,8B,java,spring-projects/spring-security,SimpleAttributes2GrantedAuthoritiesMapper.getGrantedAuthorities,792,0.9034775495529175
cara,8B,java,spring-projects/spring-security,MapBasedAttributes2GrantedAuthoritiesMapper.getGrantedAuthorities,793,0.9467939734458923
cara,8B,java,spring-projects/spring-security,MapBasedAttributes2GrantedAuthoritiesMapper.preProcessMap,794,0.8340604305267334
cara,8B,java,spring-projects/spring-security,MapBasedAttributes2GrantedAuthoritiesMapper.getGrantedAuthorityCollection,795,0.9479522109031677
cara,8B,java,spring-projects/spring-security,MapBasedAttributes2GrantedAuthoritiesMapper.addGrantedAuthorityCollection,796,-0.012533947825431824
cara,8B,java,spring-projects/spring-security,FieldUtils.getField,797,-0.01960809901356697
cara,8B,java,spring-projects/spring-security,MapBasedMethodSecurityMetadataSource.findAttributes,798,0.7121217846870422
cara,8B,java,spring-projects/spring-security,MapBasedMethodSecurityMetadataSource.addSecureMethod,799,0.9793925285339355
cara,8B,java,wildfly/wildfly,WeldDeploymentMarker.mark,900,0.7473017573356628
cara,8B,java,wildfly/wildfly,JaxrsMethodParameterProcessor.validateDefaultValues,901,0.9171974062919617
cara,8B,java,wildfly/wildfly,JaxrsMethodParameterProcessor.getParamConverters,902,-0.48191672563552856
cara,8B,java,wildfly/wildfly,JaxrsMethodParameterProcessor.getResouceClasses,903,0.9596803784370422
cara,8B,java,wildfly/wildfly,JaxrsMethodParameterProcessor.checkParamType,904,0.7312756776809692
cara,8B,java,wildfly/wildfly,JaxrsMethodParameterProcessor.lookupDefaultValueAnn,905,0.22685082256793976
cara,8B,java,wildfly/wildfly,JaxrsMethodParameterProcessor.validateBaseType,906,0.16315872967243195
cara,8B,java,wildfly/wildfly,ExternalPooledConnectionFactoryDefinition.define,907,-0.44149917364120483
cara,8B,java,wildfly/wildfly,MetricsTransformers.rejectDefinedAttributeWithDefaultValue,908,0.21322350203990936
cara,8B,java,wildfly/wildfly,MetricCollector.collectResourceMetrics,909,0.633194088935852
cara,8B,java,wildfly/wildfly,MessagingServices.getCapabilityServiceName,910,0.9455649852752686
cara,8B,java,wildfly/wildfly,TransportConfigOperationHandlers.getExtraParameters,911,0.9249178767204285
cara,8B,java,wildfly/wildfly,JMSConnectionFactoryDefinitionInjectionSource.targetsExternalPooledConnectionFactory,912,0.970058798789978
cara,8B,java,wildfly/wildfly,UndertowSubsystemParser_8_0.listenerBuilder,913,-0.5155088901519775
cara,8B,java,wildfly/wildfly,JMSServerControlHandler.inferDestinationName,914,0.8523712158203125
cara,8B,java,wildfly/wildfly,CDIExtension.observeResources,915,-0.2610573172569275
cara,8B,java,wildfly/wildfly,CDIExtension.close,916,0.9561653733253479
cara,8B,java,wildfly/wildfly,CalendarTimer.handleRestorationCalculation,917,0.7116398811340332
cara,8B,java,wildfly/wildfly,HibernatePersistenceProviderAdaptor.doesScopedPersistenceUnitNameIdentifyCacheRegionName,918,0.9754629135131836
cara,8B,java,wildfly/wildfly,XTSSubsystemParser.processAttributes,919,0.9605684280395508
cara,8B,java,wildfly/wildfly,ApplicableMethodInformation.isMethodLevel,920,0.9460287094116211
cara,8B,java,wildfly/wildfly,TransactedJMSContext.registerCleanUpListener,921,0.884307861328125
cara,8B,java,wildfly/wildfly,DatabaseTimerPersistence.stringAsSchedulerDate,922,0.8896151185035706
cara,8B,java,wildfly/wildfly,WebTransformers.registerTransformers_2_x_0,923,-0.29759499430656433
cara,8B,java,wildfly/wildfly,AuditNotificationReceiver.deriveUsefulInfo,924,-0.5483340620994568
cara,8B,java,wildfly/wildfly,JdrZipFile.addAsString,925,0.7758260369300842
cara,8B,java,wildfly/wildfly,EJBSuspendHandlerService.start,926,0.8894813656806946
cara,8B,java,wildfly/wildfly,EJBSuspendHandlerService.stop,927,0.9371768236160278
cara,8B,java,wildfly/wildfly,EJBSuspendHandlerService.suspended,928,0.342848002910614
cara,8B,java,wildfly/wildfly,EJBSuspendHandlerService.resume,929,-0.03657843545079231
cara,8B,java,wildfly/wildfly,EJBSuspendHandlerService.invocationComplete,930,-0.0966455340385437
cara,8B,java,wildfly/wildfly,EJBSuspendHandlerService.transactionCreated,931,0.9492124915122986
cara,8B,java,wildfly/wildfly,AbstractProtocolResourceDefinition.addTransformations,932,0.8021111488342285
cara,8B,java,wildfly/wildfly,CancellationFlag.cancel,933,0.30056339502334595
cara,8B,java,wildfly/wildfly,CancellationFlag.runIfNotCancelled,934,0.614361584186554
cara,8B,java,wildfly/wildfly,ElytronCallbackHandler.authenticate,935,0.9635295271873474
cara,8B,java,wildfly/wildfly,ElytronCallbackHandler.addPrivateCredential,936,0.029502050951123238
cara,8B,java,wildfly/wildfly,EJBClientConfiguratorService.accept,937,0.8733010292053223
cara,8B,java,wildfly/wildfly,EjbCorbaServant.authenticate,938,0.9675604701042175
cara,8B,java,wildfly/wildfly,BatchPermission.forName,939,0.1158583015203476
cara,8B,java,wildfly/wildfly,WildFlyJobXmlResolver.getJobXmlNames,940,0.9462772607803345
cara,8B,java,wildfly/wildfly,ElytronSecurityManager.authenticate,941,0.9937950372695923
cara,8B,java,wildfly/wildfly,AbstractInvocationHandler.invoke,942,0.7234910130500793
cara,8B,java,wildfly/wildfly,Configuration.skipMixedSynchronizationTypeCheck,943,0.7900607585906982
cara,8B,java,wildfly/wildfly,ElytronIntegrationResourceDefinitions.getElytronKeyStoreResourceDefinition,944,0.5502287149429321
cara,8B,java,wildfly/wildfly,ElytronIntegrationResourceDefinitions.getElytronKeyManagersResourceDefinition,945,0.793707549571991
cara,8B,java,wildfly/wildfly,ElytronIntegrationResourceDefinitions.getElytronTrustManagersResourceDefinition,946,0.8396350145339966
cara,8B,java,wildfly/wildfly,Consumers.close,947,0.8034111261367798
cara,8B,java,wildfly/wildfly,InjectedJMSContext.getDelegate,948,-0.5584565997123718
cara,8B,java,wildfly/wildfly,InjectedJMSContext.isInTransaction,949,0.9669681787490845
cara,8B,java,wildfly/wildfly,InjectedJMSContext.getTransactionSynchronizationRegistry,950,-0.1387648582458496
cara,8B,java,wildfly/wildfly,InjectedJMSContext.getConnectionFactory,951,0.9583855867385864
cara,8B,java,wildfly/wildfly,JndiPermission.getActions,952,-0.3242618143558502
cara,8B,java,wildfly/wildfly,JMSConnectionFactoryDefinitionInjectionSource.targetsPooledConnectionFactory,953,0.9840694665908813
cara,8B,java,wildfly/wildfly,MigrateOperation.parameterIsAllowed,954,-0.04337499663233757
cara,8B,java,wildfly/wildfly,GetDataSourceClassInfoOperationHandler.isTypeMatched,955,0.9489005208015442
cara,8B,java,wildfly/wildfly,CommonIronJacamarParser.parseConnectionAttributes_5_0,956,0.8736488223075867
cara,8B,java,wildfly/wildfly,MigrateOperation.migrateGenericTransport,957,0.9029594659805298
cara,8B,java,wildfly/wildfly,WildFlyJobXmlResolver.init,958,0.9710133671760559
cara,8B,java,wildfly/wildfly,HibernateSearchProcessor.deploy,959,0.7778502702713013
cara,8B,java,wildfly/wildfly,WebMigrateOperation.createSecurityRealm,960,0.8859251141548157
cara,8B,java,wildfly/wildfly,WebMigrateOperation.createIoSubsystem,961,0.9849592447280884
cara,8B,java,wildfly/wildfly,WebMigrateOperation.createWelcomeContentHandler,962,0.8885624408721924
cara,8B,java,wildfly/wildfly,ImportJournalOperation.createInVMTransportConfiguration,963,0.9567403197288513
cara,8B,java,wildfly/wildfly,MigrateOperation.addMessagingActiveMQExtension,964,0.9633827209472656
cara,8B,java,wildfly/wildfly,Notification.addCacheDependencies,965,0.9658357501029968
cara,8B,java,wildfly/wildfly,QueryName.subst,966,0.9553539752960205
cara,8B,java,wildfly/wildfly,Operations.createAddOperation,967,0.8435431718826294
cara,8B,java,wildfly/wildfly,ShutDownInterceptorFactory.shutdown,968,0.9273779392242432
cara,8B,java,wildfly/wildfly,ServiceMBeanSupport.getName,969,0.9259198307991028
cara,8B,java,wildfly/wildfly,ServiceMBeanSupport.sendStateChangeNotification,970,0.1541953682899475
cara,8B,java,wildfly/wildfly,WSEndpointConfigMapping.registerEndpointConfig,971,0.9498677253723145
cara,8B,java,wildfly/wildfly,JCAOrderedLastSynchronizationList.registerInterposedSynchronization,972,-0.24294443428516388
cara,8B,java,wildfly/wildfly,JCAOrderedLastSynchronizationList.beforeCompletion,973,0.8812041878700256
cara,8B,java,wildfly/wildfly,DatabaseTimerPersistence.setNodeName,974,0.40657609701156616
cara,8B,java,wildfly/wildfly,ManagementUtil.convertSecurityRole,975,0.8561258316040039
cara,8B,java,wildfly/wildfly,TransportConfigOperationHandlers.processAcceptors,976,0.9184519052505493
cara,8B,java,wildfly/wildfly,TransportConfigOperationHandlers.getParameters,977,-0.3939838111400604
cara,8B,java,wildfly/wildfly,TransportConfigOperationHandlers.processConnectors,978,0.9646360874176025
cara,8B,java,wildfly/wildfly,BroadcastGroupDefinition.getAvailableConnectors,979,0.8629776239395142
cara,8B,java,wildfly/wildfly,AddressSettingAdd.createSettings,980,0.9108858704566956
cara,8B,java,wildfly/wildfly,AbstractActiveMQComponentControlHandler.getActiveMQComponentControl,981,0.9584158658981323
cara,8B,java,wildfly/wildfly,QueueDefinition.forwardToRuntimeQueue,982,0.9682992696762085
cara,8B,java,wildfly/wildfly,PooledConnectionFactoryRemove.removeJNDIAliases,983,0.8400870561599731
cara,8B,java,wildfly/wildfly,WildFlyBindingRegistry.lookup,984,-0.21554948389530182
cara,8B,java,wildfly/wildfly,WildFlyBindingRegistry.unbind,985,0.9361350536346436
cara,8B,java,wildfly/wildfly,PooledConnectionFactoryDefinition.define,986,-0.38439321517944336
cara,8B,java,wildfly/wildfly,JMSBridgeAdd.resolveAttribute,987,-0.2266068458557129
cara,8B,java,wildfly/wildfly,ManagementHelper.createAddOperation,988,0.8698788285255432
cara,8B,java,wildfly/wildfly,WeldSubsystemAdd.checkJtsEnabled,989,0.04952146112918854
cara,8B,java,wildfly/wildfly,JacORBExtension.registerTransformers,990,-0.3930354714393616
cara,8B,java,wildfly/wildfly,AbstractFederationSubsystemReader.createSubsystemRoot,991,0.9599661827087402
cara,8B,java,wildfly/wildfly,AbstractFederationSubsystemReader.parseConfig,992,-0.8415200710296631
cara,8B,java,wildfly/wildfly,SecurityActions.getDeclaredMethods,993,-0.5266817808151245
cara,8B,java,wildfly/wildfly,SecurityActions.getDeclaredFields,994,-0.38810402154922485
cara,8B,java,wildfly/wildfly,SecurityActions.getConstructor,995,-0.662590742111206
cara,8B,java,wildfly/wildfly,SecurityActions.getMethod,996,-0.5779398083686829
cara,8B,java,wildfly/wildfly,StatefulSessionComponent.createSessionRemote,997,-0.27349334955215454
cara,8B,java,wildfly/wildfly,MessagingTransformers.buildTransformers2_1_0,998,0.6852440237998962
cara,8B,java,wildfly/wildfly,DatabaseTimerPersistence.extractDialects,999,0.7839938402175903
cara,8B,java,floci-io/floci,MemoryDbService.validatePassword,1200,0.9815882444381714
cara,8B,java,floci-io/floci,TableDefinition.getTableId,1201,0.8829951286315918
cara,8B,java,floci-io/floci,FlociUiManager.status,1202,-0.09111841022968292
cara,8B,java,floci-io/floci,FlociUiManager.resolveFlociEndpoint,1203,0.9403344988822937
cara,8B,java,floci-io/floci,UiController.redirectUrl,1204,0.23348352313041687
cara,8B,java,floci-io/floci,CustomResourceResponseStore.register,1205,0.009211793541908264
cara,8B,java,floci-io/floci,CognitoMessageDispatcher.resolveDeliveryMediums,1206,-0.12833285331726074
cara,8B,java,floci-io/floci,OpenSearchInstanceTypes.InstanceTypeSpec,1207,-0.19020593166351318
cara,8B,java,floci-io/floci,LambdaLayerService.publishLayerVersion,1208,-0.6135974526405334
cara,8B,java,floci-io/floci,LambdaLayerService.getLayerVersion,1209,-0.6202998757362366
cara,8B,java,floci-io/floci,LambdaLayerService.deleteLayerVersion,1210,0.9787298440933228
cara,8B,java,floci-io/floci,LambdaLayerStore.listVersions,1211,0.9365776777267456
cara,8B,java,floci-io/floci,LambdaLayerStore.deleteAll,1212,0.9854827523231506
cara,8B,java,floci-io/floci,S3RequestParser.hasQueryParamInString,1213,0.9816848039627075
cara,8B,java,floci-io/floci,SqsService.normalizeQueueUrl,1214,0.9119967818260193
cara,8B,java,floci-io/floci,S3Controller.appendPutObjectResponseHeaders,1215,0.017156388610601425
cara,8B,java,floci-io/floci,EcsLoadBalancerRegistrar.registerTask,1216,-0.2652242183685303
cara,8B,java,floci-io/floci,GuardedMessageQueue.drainOne,1217,0.2004009634256363
cara,8B,java,floci-io/floci,BcmDataExportsService.accountIdFromArn,1218,0.2018338292837143
cara,8B,java,floci-io/floci,CurEmissionScheduler.runDaily,1219,0.6746183633804321
cara,8B,java,floci-io/floci,FlociDuckClient.resolveFlociEndpoint,1220,0.9315066337585449
cara,8B,java,floci-io/floci,DynamoDbReservedWords.check,1221,0.9612146019935608
cara,8B,java,floci-io/floci,ProjectionEvaluator.project,1222,-0.6562785506248474
cara,8B,java,floci-io/floci,TlsConfigSource.extractCustomHostnames,1223,-0.23237667977809906
cara,8B,java,floci-io/floci,TlsConfigSource.resolveFlociVersion,1224,-0.12897397577762604
cara,8B,java,floci-io/floci,TlsConfigSource.hostnameConfigChanged,1225,-0.2062477469444275
cara,8B,java,floci-io/floci,AccountResolver.resolve,1226,0.09203507006168365
cara,8B,java,floci-io/floci,AccountResolver.extractAccessKeyId,1227,0.9607582092285156
cara,8B,java,floci-io/floci,EsmStore.listAll,1228,0.9526196122169495
cara,8B,java,floci-io/floci,WebSocketProxyEventBuilder.buildConnectEvent,1229,-0.40996479988098145
cara,8B,java,floci-io/floci,WebSocketProxyEventBuilder.buildMessageEvent,1230,0.9404570460319519
cara,8B,java,floci-io/floci,WebSocketProxyEventBuilder.buildMessageEvent,1231,-0.28900888562202454
cara,8B,java,floci-io/floci,WebSocketProxyEventBuilder.buildDisconnectEvent,1232,0.8862786889076233
cara,8B,java,floci-io/floci,WebSocketProxyEventBuilder.buildAuthorizerEvent,1233,0.798990786075592
cara,8B,java,floci-io/floci,WebSocketIntegrationInvoker.IntegrationResult,1234,-0.47141239047050476
cara,8B,java,floci-io/floci,RouteSelectionEvaluator.evaluate,1235,-0.33582156896591187
cara,8B,java,floci-io/floci,WebSocketRouteResolver.RouteResolution,1236,-0.43997249007225037
cara,8B,java,floci-io/floci,WebSocketRouteResolver.resolve,1237,-0.3920552432537079
cara,8B,java,floci-io/floci,WebSocketConnectionManager.register,1238,-0.05512251332402229
cara,8B,java,floci-io/floci,WebSocketConnectionManager.unregister,1239,0.35357579588890076
cara,8B,java,floci-io/floci,WebSocketConnectionManager.sendMessage,1240,0.9837350249290466
cara,8B,java,floci-io/floci,WebSocketConnectionManager.updateLastActiveAt,1241,0.9348939657211304
cara,8B,java,floci-io/floci,WebSocketAuthorizerService.AuthorizerResult,1242,0.05338428542017937
cara,8B,java,floci-io/floci,WebSocketAuthorizerService.parseAuthorizerResponse,1243,0.895501434803009
cara,8B,java,floci-io/floci,WebSocketAuthorizerService.hasQueryParamValue,1244,0.9793678522109985
cara,8B,java,floci-io/floci,WebSocketHandler.init,1245,-0.44730281829833984
cara,8B,java,floci-io/floci,WebSocketHandler.handleWebSocketUpgrade,1246,-0.2829517126083374
cara,8B,java,floci-io/floci,WebSocketHandler.completeUpgradeWithHeaders,1247,0.81700599193573
cara,8B,java,floci-io/floci,WebSocketHandler.scheduleIdleTimeout,1248,0.8711051344871521
cara,8B,java,floci-io/floci,WebSocketHandler.onMessage,1249,-0.3385799825191498
cara,8B,java,floci-io/floci,WebSocketHandler.safeWriteTextMessage,1250,0.6404606103897095
cara,8B,java,floci-io/floci,WebSocketHandler.extractQueryParams,1251,0.9673459529876709
cara,8B,java,floci-io/floci,WebSocketHandler.resolveRegionFromVertxRequest,1252,0.8825939297676086
cara,8B,java,floci-io/floci,ContainerStorageHelper.removeStorage,1253,0.4093407690525055
cara,8B,java,floci-io/floci,TextractService.buildGeometry,1254,0.9658387303352356
cara,8B,java,floci-io/floci,TextractService.buildRelationships,1255,0.9358490705490112
cara,8B,java,floci-io/floci,PortAllocator.release,1256,0.50276118516922
cara,8B,java,floci-io/floci,DockerClientProducer.resolveEffectiveDockerHost,1257,-0.11414174735546112
cara,8B,java,floci-io/floci,ApiGatewayV2Service.parseArn,1258,0.870837926864624
cara,8B,java,floci-io/floci,AwsArnUtils.Arn,1259,-0.4714128375053406
cara,8B,java,floci-io/floci,Ec2MetadataServer.registerContainer,1260,-0.2646040916442871
cara,8B,java,floci-io/floci,Ec2MetadataServer.unregisterContainer,1261,0.20908161997795105
cara,8B,java,floci-io/floci,AmiImageResolver.resolve,1262,0.11658681184053421
cara,8B,java,floci-io/floci,Ec2ContainerManager.launch,1263,-0.742361307144165
cara,8B,java,floci-io/floci,Ec2ContainerManager.start,1264,-0.45457154512405396
cara,8B,java,floci-io/floci,Ec2ContainerManager.reboot,1265,0.9529799222946167
cara,8B,java,floci-io/floci,CodeBuildRunner.copyArtifactsFromContainer,1266,-0.5717348456382751
cara,8B,java,floci-io/floci,ContainerLifecycleManager.removeVolume,1267,0.4027082920074463
cara,8B,java,floci-io/floci,ContainerLifecycleManager.isContainerRunning,1268,0.9174045324325562
cara,8B,java,floci-io/floci,FlociDuckManager.ensureReady,1269,0.19959358870983124
cara,8B,java,floci-io/floci,DynamoDbTableNames.requireShortName,1270,0.1945333182811737
cara,8B,java,floci-io/floci,SmtpRelay.relay,1271,0.8986337780952454
cara,8B,java,floci-io/floci,SmtpRelay.relayRaw,1272,0.7446892261505127
cara,8B,java,floci-io/floci,WarmPool.pushCodeUpdate,1273,0.7848823070526123
cara,8B,java,floci-io/floci,SqsService.parseDelaySecondsAttribute,1274,0.041651103645563126
cara,8B,java,floci-io/floci,ContainerLifecycleManager.startCreated,1275,-0.6155558824539185
cara,8B,java,floci-io/floci,ContainerLifecycleManager.stopAndRemove,1276,-0.008483726531267166
cara,8B,java,floci-io/floci,ContainerLifecycleManager.findByName,1277,-0.3305985927581787
cara,8B,java,floci-io/floci,ContainerLifecycleManager.adopt,1278,-0.49161311984062195
cara,8B,java,floci-io/floci,ContainerLifecycleManager.removeIfExists,1279,0.3573523759841919
cara,8B,java,floci-io/floci,ContainerLifecycleManager.ContainerInfo,1280,0.6613009572029114
cara,8B,java,floci-io/floci,ContainerLifecycleManager.EndpointInfo,1281,0.9621655941009521
cara,8B,java,floci-io/floci,PortAllocator.allocateAny,1282,0.8528637886047363
cara,8B,java,floci-io/floci,PortAllocator.isPortFree,1283,0.4348595142364502
cara,8B,java,floci-io/floci,ContainerLogStreamer.attach,1284,-0.1909196823835373
cara,8B,java,floci-io/floci,ContainerLogStreamer.ensureLogGroupAndStream,1285,-0.20837870240211487
cara,8B,java,floci-io/floci,LambdaConcurrencyLimiter.validateAndSetReserved,1286,-0.05520768463611603
cara,8B,java,floci-io/floci,IamEnforcementFilter.accessDeniedResponse,1287,0.045936085283756256
cara,8B,java,floci-io/floci,IamActionRegistry.resolve,1288,-0.3926689028739929
cara,8B,java,floci-io/floci,IamService.registerSession,1289,-0.18652617931365967
cara,8B,java,floci-io/floci,IamService.resolveCallerContext,1290,-0.4561636447906494
cara,8B,java,floci-io/floci,S3ControlController.listTagsForResource,1291,0.8652076125144958
cara,8B,java,floci-io/floci,S3ControlController.tagResource,1292,0.8289889097213745
cara,8B,java,floci-io/floci,S3ControlController.untagResource,1293,0.8022946119308472
cara,8B,java,floci-io/floci,S3ControlController.extractBucketName,1294,-0.22058641910552979
cara,8B,java,floci-io/floci,RegistryHttpClient.catalog,1295,-0.5362292528152466
cara,8B,java,floci-io/floci,EcrRegistryManager.getProxyEndpoint,1296,0.18172338604927063
cara,8B,java,floci-io/floci,S3Controller.extractObjectKey,1297,-0.042657673358917236
cara,8B,java,floci-io/floci,CognitoSrpHelper.generateServerB,1298,-0.3514750897884369
cara,8B,java,floci-io/floci,CognitoSrpHelper.computeSessionKey,1299,-0.1781032681465149
